"gene","aro"
"CblA-1","ARO:3002999"
"dfrF","ARO:3002867"
"Erm(34)","ARO:3000600"
"fusB","ARO:3003552"
"CTX-M-121","ARO:3001980"
"lnuA","ARO:3002835"
"msrE","ARO:3003109"
"FosA2","ARO:3002804"
"APH(3')-Va","ARO:3002649"
"AAC(3)-Ia","ARO:3002528"
"rmtH","ARO:3003198"
"golS","ARO:3000504"
"mdtP","ARO:3003550"
"OXA-60","ARO:3001808"
"SME-2","ARO:3002380"
"fusH","ARO:3003026"
"GIM-1","ARO:3000845"
"TEM-116","ARO:3000979"
"gadX","ARO:3000508"
"QnrB38","ARO:3002753"
"SHV-12","ARO:3001071"
"CARB-4","ARO:3002243"
"catB9","ARO:3002681"
"ErmE","ARO:3000326"
"AAC(6')-Iu","ARO:3002565"
"aadA4","ARO:3002604"
"mdtF","ARO:3000796"
"IND-7","ARO:3002263"
"clbB","ARO:3002815"
"srmB","ARO:3002828"
"FosX","ARO:3000198"
"rgt1438","ARO:3002883"
"AAC(6')-IIb","ARO:3002595"
"cphA7","ARO:3003103"
"OXA-229","ARO:3001692"
"catB3","ARO:3002676"
"cpxA","ARO:3000830"
"adeF","ARO:3000777"
"mgrA","ARO:3000815"
"AAC(6')-Iaf","ARO:3002574"
"dfrA21","ARO:3003017"
"myrA","ARO:3001300"
"vgaALC","ARO:3002830"
"vanN","ARO:3002912"
"tet(42)","ARO:3000572"
"tet(45)","ARO:3003196"
"tet(E)","ARO:3000173"
"tsnR","ARO:3003060"
"fosA5","ARO:3003209"
"Streptomyces_lividans_cmlR","ARO:3002690"
"vanR_gene_in_vanB_cluster","ARO:3002921"
"arr-4","ARO:3002849"
"CfxA2","ARO:3003002"
"GES-14","ARO:3002343"
"arlS","ARO:3000839"
"adeS","ARO:3000549"
"OCH-1","ARO:3002514"
"OXA-12","ARO:3001407"
"SRT-1","ARO:3002493"
"OCH-3","ARO:3002516"
"APH(4)-Ia","ARO:3002655"
"FomA","ARO:3000423"
"bcrC","ARO:3003250"
"npmA","ARO:3002665"
"sdiA","ARO:3000826"
"imiH","ARO:3003094"
"OXA-9","ARO:3001404"
"cmlA5","ARO:3002695"
"ermZ","ARO:3004605"
"APH(3')-VIIa","ARO:3002654"
"APH(9)-Ia","ARO:3002662"
"ACT-37","ARO:3003172"
"ErmN","ARO:3000592"
"lsaE","ARO:3003206"
"CfxA6","ARO:3003097"
"CMY-8","ARO:3002019"
"smeD","ARO:3003055"
"OXA-85","ARO:3001780"
"vatD","ARO:3002843"
"APH(3')-Ia","ARO:3002641"
"AAC(6')-29a","ARO:3002583"
"ErmQ","ARO:3000593"
"IND-11","ARO:3002267"
"chrB","ARO:3001302"
"TEM-176","ARO:3001041"
"aadA9","ARO:3002609"
"OprN","ARO:3000805"
"Rhodococcus_fascians_cmr","ARO:3002701"
"JOHN-1","ARO:3000840"
"vanR_gene_in_vanF_cluster","ARO:3002925"
"CepS","ARO:3003553"
"FEZ-1","ARO:3000606"
"vanXY_gene_in_vanG_cluster","ARO:3003069"
"CARB-23","ARO:3003186"
"mexX","ARO:3003034"
"adeC","ARO:3003811"
"CMY-51","ARO:3002062"
"IMP-1","ARO:3002192"
"smeS","ARO:3003067"
"bcrA","ARO:3002987"
"ykkD","ARO:3003064"
"ErmU","ARO:3001305"
"AAC(6')-Iy","ARO:3002569"
"OXA-278","ARO:3001681"
"CARB-14","ARO:3002252"
"qacA","ARO:3003046"
"mdtH","ARO:3001216"
"lnuC","ARO:3002837"
"mepA","ARO:3000026"
"APH(2'')-IVa","ARO:3002637"
"OXA-46","ARO:3001797"
"mdtA","ARO:3000792"
"QnrS5","ARO:3002794"
"sul3","ARO:3000413"
"dfrA8","ARO:3002863"
"AAC(3)-IIIb","ARO:3002537"
"SLB-1","ARO:3003556"
"DHA-16","ARO:3002147"
"aadK","ARO:3002627"
"OCH-7","ARO:3002520"
"mdsA","ARO:3000789"
"VIM-6","ARO:3002276"
"OXA-54","ARO:3001812"
"catB8","ARO:3002680"
"dfrG","ARO:3002868"
"QnrVC4","ARO:3002801"
"mtrE","ARO:3000812"
"vanC","ARO:3000368"
"adeR","ARO:3000553"
"CARB-3","ARO:3002242"
"Erm(37)","ARO:3000392"
"dfrD","ARO:3002866"
"amrB","ARO:3002983"
"catP","ARO:3002686"
"MexA","ARO:3000377"
"tet(B)","ARO:3000166"
"tet(Y)","ARO:3000182"
"blaF","ARO:3003562"
"cmlB","ARO:3002698"
"macB","ARO:3000535"
"TUS-1","ARO:3000844"
"OpmD","ARO:3000809"
"PER-2","ARO:3002364"
"tet(W)","ARO:3000194"
"AAC(3)-VIIIa","ARO:3002542"
"rosB","ARO:3003049"
"tetA(P)","ARO:3000180"
"FOX-1","ARO:3002155"
"dfrA25","ARO:3003020"
"ACT-2","ARO:3001822"
"OCH-8","ARO:3002521"
"emrY","ARO:3000254"
"adeH","ARO:3000779"
"AAC(6')-Is","ARO:3002562"
"arr-5","ARO:3002850"
"clbA","ARO:3002814"
"OXA-137","ARO:3001767"
"AAC(6')-Ia","ARO:3002545"
"AAC(3)-Ib","ARO:3002530"
"QnrB65","ARO:3002777"
"vgaA","ARO:3002829"
"lmrB","ARO:3002813"
"abeS","ARO:3000768"
"QnrB41","ARO:3002756"
"ROB-1","ARO:3002995"
"dfrA16","ARO:3003014"
"mdtG","ARO:3001329"
"IMI-2","ARO:3001859"
"emrK","ARO:3000206"
"SFB-1","ARO:3003557"
"emeA","ARO:3003551"
"ErmF","ARO:3000498"
"OXA-68","ARO:3001616"
"catB10","ARO:3003110"
"adeJ","ARO:3000781"
"smeF","ARO:3003057"
"CFE-1","ARO:3001856"
"mecR1","ARO:3000215"
"aadA","ARO:3002601"
"tcr3","ARO:3002893"
"tet(31)","ARO:3000476"
"eptA","ARO:3003576"
"Clostridium_butyricum_catB","ARO:3002674"
"AAC(3)-VIIa","ARO:3002541"
"dfrA26","ARO:3002857"
"OXA-243","ARO:3001610"
"AcrS","ARO:3000656"
"vanY_gene_in_vanB_cluster","ARO:3002956"
"vanXY_gene_in_vanE_cluster","ARO:3002967"
"vanV_gene_in_vanB_cluster","ARO:3004254"
"IND-3","ARO:3002259"
"AAC(6')-Ih","ARO:3002555"
"CMY-75","ARO:3002088"
"APH(3')-Vc","ARO:3002651"
"CTX-M-123","ARO:3001982"
"OXA-347","ARO:3001777"
"OXA-22","ARO:3001417"
"cfrA","ARO:3003441"
"Erm(42)","ARO:3003106"
"cmlv","ARO:3002700"
"APH(7'')-Ia","ARO:3002661"
"catB2","ARO:3002675"
"dfrB1","ARO:3002864"
"BcI","ARO:3002877"
"AAC(6')-Ij","ARO:3002557"
"PC1_beta-lactamase_(blaZ)","ARO:3000621"
"ErmS","ARO:3001304"
"AAC(6')-IIc","ARO:3002596"
"AAC(6')-Iae","ARO:3002573"
"QnrB21","ARO:3002736"
"AAC(3)-Id","ARO:3002529"
"arr-3","ARO:3002848"
"AAC(2')-Ib","ARO:3002524"
"cmeB","ARO:3000784"
"OXA-198","ARO:3001805"
"OCH-2","ARO:3002515"
"FOX-2","ARO:3002156"
"NDM-1","ARO:3000589"
"CARB-9","ARO:3002248"
"AAC(6')-Iv","ARO:3002566"
"dfrA23","ARO:3003019"
"iri","ARO:3002884"
"cmeC","ARO:3000785"
"mfpA","ARO:3003035"
"cphA4","ARO:3003100"
"tetB(P)","ARO:3000195"
"lnuB","ARO:3002836"
"mecC","ARO:3001209"
"MexC","ARO:3000800"
"OprJ","ARO:3000802"
"vanR_gene_in_vanA_cluster","ARO:3002919"
"mdtB","ARO:3000793"
"QnrD1","ARO:3002788"
"vanD","ARO:3000005"
"vanH_gene_in_vanO_cluster","ARO:3002948"
"tet(X)","ARO:3000205"
"SHV-161","ARO:3001200"
"FosA3","ARO:3002872"
"APH(3')-Ib","ARO:3002642"
"vatH","ARO:3002845"
"DHA-12","ARO:3002143"
"mepR","ARO:3000746"
"tet(56)","ARO:3004603"
"adeB","ARO:3000775"
"CRP","ARO:3000518"
"vatC","ARO:3002842"
"dfrA19","ARO:3003015"
"smeE","ARO:3003056"
"APH(6)-Ib","ARO:3002658"
"ErmC","ARO:3000250"
"SHV-33","ARO:3001091"
"Erm(36)","ARO:3000605"
"APH(6)-Ic","ARO:3002659"
"LCR-1","ARO:3002997"
"APH(2'')-Ig","ARO:3002669"
"rmtB","ARO:3000860"
"fexA","ARO:3002704"
"OXA-5","ARO:3001400"
"ANT(6)-Ia","ARO:3002626"
"PER-1","ARO:3002363"
"OKP-A-11","ARO:3002428"
"AAC(3)-IIb","ARO:3002534"
"carA","ARO:3002817"
"mecI","ARO:3000124"
"IMP-8","ARO:3002199"
"bcrB","ARO:3002988"
"ErmX","ARO:3000596"
"sul2","ARO:3000412"
"APH(3')-IIb","ARO:3002645"
"OXA-129","ARO:3001811"
"AAC(6')-Isa","ARO:3002563"
"otr(B)","ARO:3002892"
"rphA","ARO:3000444"
"tet(40)","ARO:3000567"
"tet(C)","ARO:3000167"
"tet(G)","ARO:3000174"
"ugd","ARO:3003577"
"RCP-1","ARO:3003563"
"lmrC","ARO:3002881"
"CGB-1","ARO:3000841"
"vanS_gene_in_vanC_cluster","ARO:3002933"
"y56_beta-lactamase","ARO:3003558"
"ErmA","ARO:3000347"
"ErmG","ARO:3000522"
"AAC(6')-Ib9","ARO:3002580"
"BEL-1","ARO:3002385"
"IND-1","ARO:3002256"
"APH(2'')-IIIa","ARO:3002636"
"evgA","ARO:3000832"
"APH(3')-IIc","ARO:3002646"
"SHV-1","ARO:3001059"
"APH(6)-Id","ARO:3002660"
"QnrA7","ARO:3002713"
"cmlB1","ARO:3002699"
"dfrB3","ARO:3003022"
"vgaD","ARO:3002832"
"catS","ARO:3002688"
"QnrB33","ARO:3002748"
"sul1","ARO:3000410"
"VIM-4","ARO:3002274"
"AAC(6')-31","ARO:3002585"
"Erm(38)","ARO:3000601"
"vanB","ARO:3000013"
"acrB","ARO:3000216"
"AAC(3)-VIa","ARO:3002540"
"AAC(6')-Ig","ARO:3002554"
"OXA-58","ARO:3001611"
"ANT(6)-Ib","ARO:3002629"
"ErmD","ARO:3000495"
"OXA-2","ARO:3001397"
"APH(3')-VIa","ARO:3002652"
"OXA-184","ARO:3001476"
"OXA-23","ARO:3001418"
"AAC(3)-Ic","ARO:3002531"
"tet(H)","ARO:3000175"
"tet(39)","ARO:3000566"
"MexE","ARO:3000803"
"tet(J)","ARO:3000177"
"tet(V)","ARO:3000181"
"AAC(6')-Ii","ARO:3002556"
"dfrA12","ARO:3002858"
"dfrA17","ARO:3002860"
"vanR_gene_in_vanD_cluster","ARO:3002923"
"vanZ_gene_in_vanA_cluster","ARO:3002962"
"ErmO-srmA","ARO:3001303"
"CAU-1","ARO:3000855"
"OXA-363","ARO:3001550"
"AER-1","ARO:3002481"
"Erm(31)","ARO:3000598"
"vanG","ARO:3002909"
"lsaB","ARO:3003111"
"norB","ARO:3000421"
"OXA-360","ARO:3001547"
"mdsC","ARO:3000791"
"cmeA","ARO:3000783"
"ErmV","ARO:3002824"
"vatB","ARO:3002841"
"mdtM","ARO:3001214"
"msrA","ARO:3000251"
"DHA-13","ARO:3002144"
"novA","ARO:3002522"
"erm(40)","ARO:3004606"
"Erm(30)","ARO:3001265"
"adeG","ARO:3000778"
"aadA2","ARO:3002602"
"mel","ARO:3000616"
"cmeR","ARO:3000526"
"mphA","ARO:3000316"
"AAC(2')-Ic","ARO:3002525"
"H-NS","ARO:3000676"
"ceoB","ARO:3003010"
"OXA-119","ARO:3001775"
"bmr","ARO:3003007"
"APH(3')-IVa","ARO:3002648"
"rosA","ARO:3003048"
"QnrB56","ARO:3002769"
"smeC","ARO:3003053"
"AAC(6')-Iw","ARO:3002567"
"ErmT","ARO:3000595"
"QnrB12","ARO:3002726"
"TEM-141","ARO:3001004"
"tet(D)","ARO:3000168"
"catII","ARO:3002684"
"lsaA","ARO:3000300"
"AAC(6')-Ic","ARO:3002549"
"EreD","ARO:3004608"
"IND-5","ARO:3002261"
"tet(44)","ARO:3000556"
"mef(B)","ARO:3003107"
"vph","ARO:3003061"
"SIM-1","ARO:3000846"
"SAT-2","ARO:3002895"
"FosA","ARO:3000149"
"adeA","ARO:3000774"
"OXA-214","ARO:3001713"
"mdtC","ARO:3000794"
"CTX-M-3","ARO:3001866"
"evgS","ARO:3000833"
"mecA","ARO:3000617"
"tet(Q)","ARO:3000191"
"tet(32)","ARO:3000196"
"AAC(6')-Iq","ARO:3002560"
"ANT(4')-IIb","ARO:3002625"
"emrR","ARO:3000516"
"APH(3')-IIIa","ARO:3002647"
"BcII","ARO:3002878"
"mtrC","ARO:3000810"
"QnrVC1","ARO:3002799"
"CMY-101","ARO:3002113"
"cmx","ARO:3002703"
"oleD","ARO:3000865"
"abeM","ARO:3000753"
"QnrB69","ARO:3002781"
"AAC(6')-Ib10","ARO:3002581"
"ANT(2'')-Ia","ARO:3000230"
"AAC(3)-IIc","ARO:3002535"
"rmtG","ARO:3002668"
"mdsB","ARO:3000790"
"ANT(9)-Ia","ARO:3002630"
"oleB","ARO:3003036"
"arlR","ARO:3000838"
"aadA22","ARO:3002619"
"dfrC","ARO:3002865"
"armA","ARO:3000858"
"AAC(2')-Id","ARO:3002526"
"aadA5","ARO:3002605"
"ACC-3","ARO:3001817"
"RbpA","ARO:3000245"
"IMP-7","ARO:3002198"
"acrD","ARO:3000491"
"cphA2","ARO:3003099"
"Erm(35)","ARO:3000604"
"mdtN","ARO:3003548"
"OXA-59","ARO:3001772"
"IND-9","ARO:3002265"
"IMP-15","ARO:3002206"
"tet(K)","ARO:3000178"
"aadA7","ARO:3002607"
"facT","ARO:3001313"
"adeI","ARO:3000780"
"vanH_gene_in_vanD_cluster","ARO:3002944"
"Bla1","ARO:3000090"
"MexH","ARO:3000807"
"CcrA","ARO:3000578"
"THIN-B","ARO:3000851"
"AcrF","ARO:3000502"
"AcrE","ARO:3000499"
"Plasmid-encoded_cat_(pp-cat)","ARO:3002689"
"AAC(3)-Xa","ARO:3002544"
"MOX-8","ARO:3002190"
"lnuF","ARO:3002839"
"PER-6","ARO:3002368"
"ACT-4","ARO:3001829"
"dfrA10","ARO:3003011"
"APH(6)-Ia","ARO:3002657"
"OXA-209","ARO:3001809"
"smeA","ARO:3003051"
"QnrA2","ARO:3002708"
"EreA2","ARO:3002826"
"vatE","ARO:3002844"
"rmtC","ARO:3000861"
"amrA","ARO:3002982"
"dfrE","ARO:3002875"
"Erm(43)","ARO:3003205"
"ErmB","ARO:3000375"
"smeR","ARO:3003066"
"norA","ARO:3000391"
"mtrA","ARO:3000816"
"aad(6)","ARO:3002628"
"CTX-M-63","ARO:3001924"
"FosB","ARO:3000172"
"AAC(6')-32","ARO:3002586"
"catIII","ARO:3002685"
"dfrA5","ARO:3002861"
"QnrVC6","ARO:3002803"
"OXA-10","ARO:3001405"
"dfrA14","ARO:3002859"
"mecB","ARO:3003440"
"LRA-1","ARO:3002482"
"cphA5","ARO:3003101"
"QnrC","ARO:3002787"
"ErmR","ARO:3000594"
"APH(2'')-IIa","ARO:3002635"
"CTX-M-152","ARO:3002009"
"vanE","ARO:3002907"
"OXA-362","ARO:3001549"
"L1_beta-lactamase","ARO:3000582"
"SAT-4","ARO:3002897"
"MexD","ARO:3000801"
"tet(41)","ARO:3000569"
"lmrD","ARO:3002882"
"vgaE","ARO:3002833"
"IMP-13","ARO:3002204"
"catQ","ARO:3002687"
"EXO-1","ARO:3003564"
"vanX_gene_in_vanF_cluster","ARO:3002952"
"vanR_gene_in_vanC_cluster","ARO:3002922"
"MUS-1","ARO:3000843"
"vanX_gene_in_vanD_cluster","ARO:3003070"
"OprA","ARO:3003039"
"vanS_gene_in_vanE_cluster","ARO:3002935"
"clbC","ARO:3002816"
"arnA","ARO:3002985"
"AAC(6')-If","ARO:3002553"
"vanT_gene_in_vanG_cluster","ARO:3002972"
"vanR_gene_in_vanG_cluster","ARO:3002926"
"tet(S)","ARO:3000192"
"AAC(6')-IIa","ARO:3002594"
"OXA-258","ARO:3001503"
"adeK","ARO:3000782"
"ramA","ARO:3000823"
"CTX-M-5","ARO:3001868"
"macA","ARO:3000533"
"OCH-6","ARO:3002519"
"Erm(39)","ARO:3000602"
"FosK","ARO:3003207"
"AQU-1","ARO:3002993"
"ceoA","ARO:3003009"
"tap","ARO:3000343"
"FOX-4","ARO:3002158"
"OXA-42","ARO:3001769"
"OXA-235","ARO:3001676"
"mphB","ARO:3000318"
"IND-4","ARO:3002260"
"vatA","ARO:3002840"
"ANT(4')-Ia","ARO:3002623"
"OXA-359","ARO:3001546"
"lsaC","ARO:3003112"
"IMP-18","ARO:3002209"
"vanO","ARO:3002913"
"emrA","ARO:3000027"
"vanF","ARO:3002908"
"QnrB35","ARO:3002750"
"aadA16","ARO:3002616"
"AAC(2')-Ia","ARO:3002523"
"mexY","ARO:3003033"
"ACT-6","ARO:3001825"
"vanX_gene_in_vanB_cluster","ARO:3002950"
"cepA","ARO:3003559"
"cphA3","ARO:3003093"
"MdtK","ARO:3001327"
"DIM-1","ARO:3000848"
"vanH_gene_in_vanF_cluster","ARO:3002945"
"tmrB","ARO:3003059"
"ErmY","ARO:3002825"
"QnrB5","ARO:3002719"
"vanX_gene_in_vanO_cluster","ARO:3002954"
"vanY_gene_in_vanM_cluster","ARO:3002961"
"tet(M)","ARO:3000186"
"tet(36)","ARO:3000197"
"vgaB","ARO:3000118"
"bacA","ARO:3002986"
"AAC(6')-Ir","ARO:3002561"
"OXY-1-3","ARO:3002391"
"oleI","ARO:3000866"
"ykkC","ARO:3003063"
"APH(3'')-Ib","ARO:3002639"
"AAC(6')-Iid","ARO:3002589"
"QnrS2","ARO:3002791"
"TEM-94","ARO:3000961"
"aadA14","ARO:3002614"
"CMY-59","ARO:3002069"
"emrB","ARO:3000074"
"FomB","ARO:3000449"
"rmtF","ARO:3002666"
"OXA-20","ARO:3001415"
"linG","ARO:3002879"
"SRT-2","ARO:3002494"
"AAC(3)-IIIa","ARO:3002536"
"adeN","ARO:3000559"
"OXA-72","ARO:3001705"
"MIR-10","ARO:3002175"
"AAC(6')-Iih","ARO:3002590"
"OXA-114a","ARO:3001609"
"CfxA3","ARO:3003003"
"mdtE","ARO:3000795"
"AAC(6')-Iak","ARO:3003199"
"dfrK","ARO:3002869"
"spd","ARO:3002631"
"EreB","ARO:3000363"
"marA","ARO:3000263"
"APH(3'')-Ia","ARO:3002638"
"vanM","ARO:3002911"
"lnuD","ARO:3002838"
"mtrD","ARO:3000811"
"AAC(6')-Ix","ARO:3002568"
"MexB","ARO:3000378"
"tet(30)","ARO:3000561"
"tet(38)","ARO:3000565"
"tet(A)","ARO:3000165"
"tet(Z)","ARO:3000183"
"arr-1","ARO:3002846"
"OXA-1","ARO:3001396"
"OXA-29","ARO:3001424"
"vanY_gene_in_vanF_cluster","ARO:3002958"
"vanS_gene_in_vanA_cluster","ARO:3002931"
"smeB","ARO:3003052"
"blt","ARO:3003006"
"AAC(6')-Ik","ARO:3002558"
"FosA4","ARO:3003210"
"vanA","ARO:3000010"
"CMY-82","ARO:3002095"
"dfrA1","ARO:3002854"
"AAC(6')-Iz","ARO:3002570"
"tlrC","ARO:3002827"
"IMP-27","ARO:3002218"
"aadA6","ARO:3002606"
"Erm(41)","ARO:3000603"
"CTX-M-37","ARO:3001899"
"OXA-213","ARO:3001712"
"dfrA15","ARO:3003013"
"APH(3'')-Ic","ARO:3002640"
"dfrA7","ARO:3002862"
"msrC","ARO:3002819"
"LRA-3","ARO:3002510"
"mdtO","ARO:3003549"
"mphC","ARO:3000319"
"blaR1","ARO:3000217"
"AAC(6')-Ib8","ARO:3002579"
"NmcR","ARO:3003665"
"sgm","ARO:3000862"
"patA","ARO:3000024"
"aadA13","ARO:3002613"
"patB","ARO:3000025"
"APH(3')-IIa","ARO:3002644"
"AAC(6')-Ib7","ARO:3002578"
"opcM","ARO:3003037"
"OXA-287","ARO:3001742"
"gimA","ARO:3000463"
"pmrA","ARO:3000822"
"tet(33)","ARO:3000478"
"tet(35)","ARO:3000481"
"Bacillus_pumilus_cat86","ARO:3002672"
"BJP-1","ARO:3000856"
"PmrF","ARO:3003578"
"vanX_gene_in_vanM_cluster","ARO:3002953"
"otr(C)","ARO:3002894"
"tet(O)","ARO:3000190"
"tet(T)","ARO:3000193"
"LnuP","ARO:3004601"
"Bacillus_subtilis_mprF","ARO:3003324"
"TriA","ARO:3003679"
"TriB","ARO:3003680"
"TriC","ARO:3003681"
"OpmH","ARO:3003682"
"mexP","ARO:3003698"
"mexQ","ARO:3003699"
"MexJ","ARO:3003692"
"MexK","ARO:3003693"
"MexV","ARO:3003030"
"MexW","ARO:3003031"
"opmE","ARO:3003700"
"mexM","ARO:3003704"
"mexN","ARO:3003705"
"PEDO-1","ARO:3003670"
"PEDO-2","ARO:3003714"
"CPS-1","ARO:3003716"
"ESP-1","ARO:3003717"
"MSI-OXA","ARO:3003719"
"OXA-288","ARO:3001743"
"vanJ","ARO:3002914"
"fusD","ARO:3003731"
"mphG","ARO:3003742"
"vanI","ARO:3003723"
"vatF","ARO:3003744"
"lnuE","ARO:3003762"
"oleC","ARO:3003748"
"salA","ARO:3003749"
"RlmA(II)","ARO:3001301"
"vanS_gene_in_vanD_cluster","ARO:3002934"
"Listeria_monocytogenes_mprF","ARO:3003770"
"Brucella_suis_mprF","ARO:3003772"
"Clostridium_perfringens_mprF","ARO:3003773"
"Streptococcus_agalactiae_mprF","ARO:3003774"
"mphM","ARO:3003767"
"vanR_gene_in_vanI_cluster","ARO:3003728"
"vanX_gene_in_vanI_cluster","ARO:3003725"
"fusC","ARO:3003733"
"optrA","ARO:3003746"
"SPM-1","ARO:3003793"
"AAC(3)-IIe","ARO:3004621"
"gadW","ARO:3003838"
"cdeA","ARO:3003835"
"FAR-1","ARO:3004784"
"TLA-3","ARO:3003204"
"MOX-9","ARO:3002191"
"AAC(6')-Ian","ARO:3003200"
"kdpE","ARO:3003841"
"AAC(3)-IId","ARO:3004623"
"Erm(49)","ARO:3004626"
"AAC(6')-Im","ARO:3004629"
"AAC(6')-Il","ARO:3004635"
"qnrE1","ARO:3004636"
"Corynebacterium_striatum_tetA","ARO:3004639"
"Erm(K)","ARO:3004643"
"dfrA6_from_Proteus_mirabilis","ARO:3004644"
"dfrI","ARO:3004645"
"AQU-2","ARO:3004647"
"cfr(B)","ARO:3004649"
"ADC-8","ARO:3003854"
"ANT(4')-Ib","ARO:3003905"
"Erm(47)","ARO:3003908"
"AQU-3","ARO:3004648"
"LEN-17","ARO:3002473"
"oqxA","ARO:3003922"
"oqxB","ARO:3003923"
"OXA-291","ARO:3001746"
"apmA","ARO:3003918"
"cipA","ARO:3003907"
"FIM-1","ARO:3004786"
"FPH-1","ARO:3004795"
"Erm(O)-lrm","ARO:3004652"
"efrA","ARO:3003948"
"efrB","ARO:3003949"
"msbA","ARO:3003950"
"hmrM","ARO:3003953"
"efmA","ARO:3003954"
"efpA","ARO:3003955"
"farA","ARO:3003961"
"farB","ARO:3003962"
"hp1181","ARO:3003964"
"lmrP","ARO:3003969"
"lfrA","ARO:3003967"
"catII_from_Escherichia_coli_K-12","ARO:3004656"
"catA4","ARO:3004657"
"catA8","ARO:3004658"
"Mef(En2)","ARO:3004659"
"catB11","ARO:3004660"
"lin","ARO:3004651"
"Staphylococcus_aureus_FosB","ARO:3004661"
"FusF","ARO:3004663"
"Staphylococcus_aureus_norA","ARO:3004667"
"AAC(2')-IIa","ARO:3004628"
"OXA-296","ARO:3001751"
"emtA","ARO:3004669"
"aphA15","ARO:3004675"
"sta","ARO:3004699"
"OXA-293","ARO:3001748"
"FosB6","ARO:3004673"
"rmtD2","ARO:3004677"
"APH(3')-VIIIa","ARO:3004680"
"LlmA_23S_ribosomal_RNA_methyltransferase","ARO:3003982"
"CatU","ARO:3003983"
"BahA","ARO:3003984"
"TaeA","ARO:3003986"
"VatI","ARO:3003987"
"AAC(2')-IIb","ARO:3003988"
"AAC(6')-34","ARO:3003989"
"mphI","ARO:3003991"
"rphB","ARO:3003992"
"cpaA","ARO:3003994"
"aadS","ARO:3004683"
"aadA27","ARO:3004682"
"MuxA","ARO:3004073"
"tetA(58)","ARO:3003980"
"vgbC","ARO:3003990"
"MCR-9.1","ARO:3004684"
"aadA8b","ARO:3004704"
"vga(E)_Staphylococcus_cohnii","ARO:3004715"
"FosD","ARO:3004674"
"rmtE","ARO:3004678"
"tva(A)","ARO:3004730"
"OXA-443","ARO:3003599"
"MCR-4.3","ARO:3004695"
"OXA-444","ARO:3003600"
"FONA-4","ARO:3004791"
"FTU-1","ARO:3004801"
"mgtA","ARO:3000462"
"Pseudomonas_aeruginosa_CpxR","ARO:3004054"
"tetB(60)","ARO:3004036"
"tetA(46)","ARO:3004032"
"tetB(46)","ARO:3004033"
"tetA(60)","ARO:3004035"
"floR","ARO:3002705"
"OpmB","ARO:3004072"
"SFH-1","ARO:3000849"
"adeL","ARO:3000620"
"Pseudomonas_aeruginosa_emrE","ARO:3004038"
"Escherichia_coli_emrE","ARO:3004039"
"Klebsiella_pneumoniae_acrA","ARO:3004041"
"Enterobacter_cloacae_acrA","ARO:3004042"
"Escherichia_coli_acrA","ARO:3004043"
"OXA-299","ARO:3001754"
"OXA-447","ARO:3003603"
"bcr-1","ARO:3003801"
"ADC-18","ARO:3003862"
"mphL","ARO:3003072"
"ArmR","ARO:3004056"
"EdeQ","ARO:3004063"
"GOB-13","ARO:3004805"
"tet(L)","ARO:3000179"
"basS","ARO:3003583"
"Chlamydia_trachomatis_intrinsic_murA_conferring_resistance_to_fosfomycin","ARO:3003785"
"MexF","ARO:3000804"
"OprM","ARO:3000379"
"BRP(MBL)","ARO:3001205"
"ANT(3'')-IIc","ARO:3004091"
"ADC-20","ARO:3003864"
"MuxB","ARO:3004074"
"OXA-266","ARO:3001722"
"MuxC","ARO:3004075"
"BCL-1","ARO:3004749"
"BRO-1","ARO:3004761"
"PmpM","ARO:3004077"
"APH(3')-VIIIb","ARO:3004086"
"lnuG","ARO:3004085"
"ANT(3'')-IIa","ARO:3004089"
"ANT(3'')-IIb","ARO:3004090"
"LpeA","ARO:3004099"
"LpeB","ARO:3004100"
"kamB","ARO:3004102"
"QepA2","ARO:3004103"
"OXA-302","ARO:3001757"
"TMB-1","ARO:3004105"
"Pseudomonas_aeruginosa_soxR","ARO:3004107"
"FosA6","ARO:3004111"
"FosA7","ARO:3004113"
"OXA-455","ARO:3003611"
"Burkholderia_pseudomallei_Omp38","ARO:3004123"
"ARL-2","ARO:3004735"
"BAT-1","ARO:3004747"
"OprZ","ARO:3004142"
"AxyX","ARO:3004143"
"AxyY","ARO:3004144"
"cfrC","ARO:3004146"
"mecD","ARO:3004185"
"Escherichia_coli_mdfA","ARO:3001328"
"AAC(2')-Ie","ARO:3002527"
"Bla2","ARO:3004189"
"APH(2'')-If","ARO:3004191"
"NPS-1","ARO:3004239"
"Vibrio_cholerae_varG","ARO:3004289"
"LAP-2","ARO:3004826"
"Rhodobacter_sphaeroides_ampC_beta-lactamase","ARO:3004291"
"rpoB2","ARO:3000501"
"ADC-13","ARO:3003857"
"ADC-43","ARO:3003874"
"catV","ARO:3004357"
"ACI-1","ARO:3004359"
"sul4","ARO:3004361"
"ADC-194","ARO:3006363"
"OXA-535","ARO:3004362"
"almG","ARO:3004364"
"QepA4","ARO:3004379"
"tet(59)","ARO:3004441"
"tet(W/N/W)","ARO:3004442"
"OXA-269","ARO:3001725"
"TRU-1","ARO:3004450"
"Agrobacterium_fabrum_chloramphenicol_acetyltransferase","ARO:3004451"
"Campylobacter_coli_chloramphenicol_acetyltransferase","ARO:3004454"
"Streptococcus_suis_chloramphenicol_acetyltransferase","ARO:3004455"
"Enterococcus_faecium_chloramphenicol_acetyltransferase","ARO:3004456"
"Enterococcus_faecalis_chloramphenicol_acetyltransferase","ARO:3004458"
"Vibrio_anguillarum_chloramphenicol_acetyltransferase","ARO:3004460"
"Pseudomonas_aeruginosa_catB7","ARO:3002679"
"ICR-Mc","ARO:3004466"
"poxtA","ARO:3004470"
"CBP-1","ARO:3004764"
"OXA-270","ARO:3001726"
"CGA-1","ARO:3004766"
"OXA-152","ARO:3001457"
"OXA-459","ARO:3003615"
"BKC-1","ARO:3004757"
"LAP-1","ARO:3004825"
"OXA-306","ARO:3001761"
"BPU-1","ARO:3004759"
"CIA-1","ARO:3004768"
"OXA-154","ARO:3001459"
"AST-1","ARO:3004740"
"OXA-464","ARO:3003620"
"OXA-156","ARO:3001461"
"OXA-276","ARO:3001732"
"mphH","ARO:3004539"
"CIA-4","ARO:3004771"
"ADC-116","ARO:3006294"
"vmlR","ARO:3004476"
"DES-1","ARO:3004780"
"OXA-665","ARO:3004478"
"OXA-157","ARO:3001462"
"OXA-274","ARO:3001730"
"OXA-286","ARO:3001741"
"OXA-158","ARO:3001463"
"OXA-279","ARO:3001734"
"pgpB","ARO:3003920"
"CME-1","ARO:3004775"
"mphK","ARO:3004541"
"Klebsiella_pneumoniae_OmpK37","ARO:3004122"
"LEN-30","ARO:3004838"
"SCO-1","ARO:3004856"
"OXA-282","ARO:3001737"
"dfrB4","ARO:3004498"
"MCR-2.2","ARO:3004502"
"MCR-7.1","ARO:3004517"
"OXA-284","ARO:3001739"
"OXA-437","ARO:3003593"
"mphE","ARO:3003741"
"mphN","ARO:3004542"
"mphO","ARO:3004543"
"mphJ","ARO:3004544"
"dfrB5","ARO:3004549"
"erm(32)","ARO:3004592"
"dfrA6","ARO:3004547"
"dfrA27","ARO:3004550"
"dfrA30","ARO:3004552"
"dfrA32","ARO:3004555"
"dfrA18","ARO:3004568"
"ICR-Mo","ARO:3004569"
"Acinetobacter_baumannii_AbaF","ARO:3004573"
"Acinetobacter_baumannii_AbaQ","ARO:3004574"
"Acinetobacter_baumannii_AmvA","ARO:3004577"
"Klebsiella_pneumoniae_KpnE","ARO:3004580"
"Klebsiella_pneumoniae_KpnF","ARO:3004583"
"erm(46)","ARO:3004596"
"Klebsiella_pneumoniae_KpnG","ARO:3004588"
"Klebsiella_pneumoniae_KpnH","ARO:3004597"
"OXA-285","ARO:3001740"
"ERP-1","ARO:3004782"
"tet(57)","ARO:3005006"
"TEM-181","ARO:3001044"
"qacE","ARO:3005009"
"qacEdelta1","ARO:3005010"
"VMB-1","ARO:3005015"
"LMB-1","ARO:3005018"
"YajC","ARO:3005040"
"cmlA9","ARO:3005043"
"OmpA","ARO:3005044"
"SatA","ARO:3005045"
"BLMT","ARO:3005036"
"MecC-type_methicillin_resistance_repressor_MecI","ARO:3005046"
"eptB","ARO:3005047"
"CrcB","ARO:3005049"
"LpsB","ARO:3005051"
"LpsA","ARO:3005052"
"ArnT","ARO:3005053"
"LptD","ARO:3005059"
"OXA-837","ARO:3005060"
"AAC(3)-IVb","ARO:3005061"
"ANT(3'')-Ib","ARO:3005062"
"cprR","ARO:3005063"
"cprS","ARO:3005064"
"ParS","ARO:3005067"
"ParR","ARO:3005068"
"rsmA","ARO:3005069"
"AAC(3)-IIg","ARO:3005085"
"tet(X5)","ARO:3005057"
"RanB","ARO:3005090"
"RanA","ARO:3005091"
"OXA-899","ARO:3005093"
"OXA-898","ARO:3005094"
"GPC-1","ARO:3005096"
"mecC-type_BlaZ","ARO:3005097"
"qacH","ARO:3003836"
"qacL","ARO:3005098"
"23S_rRNA_(adenine(2058)-N(6))-methyltransferase_Erm(A)","ARO:3005099"
"FosB2","ARO:3005100"
"blaS1","ARO:3005111"
"PAC-1","ARO:3005150"
"Staphylococcus_aureus_LmrS","ARO:3004572"
"FosA7.5","ARO:3005162"
"CMY-157","ARO:3005198"
"OXA-926","ARO:3005323"
"OXA-573","ARO:3005325"
"OXA-671","ARO:3005328"
"Trimethoprim-resistant_dihydrofolate_reductase_DfrA42","ARO:3005334"
"OXA-648","ARO:3005338"
"OXA-646","ARO:3005339"
"OXA-825","ARO:3005344"
"DfrA34","ARO:3005346"
"DfrA36","ARO:3005348"
"dfr22","ARO:3005354"
"ACC-1c","ARO:3006230"
"ACC-7","ARO:3006232"
"ACT-50","ARO:3006245"
"ACT-52","ARO:3006247"
"ACT-53","ARO:3006248"
"ACT-59","ARO:3006254"
"ADC-129","ARO:3006304"
"ADC-133","ARO:3006308"
"ADC-134","ARO:3006309"
"ADC-138","ARO:3006313"
"ADC-150","ARO:3006324"
"ADC-154","ARO:3006328"
"ADC-210","ARO:3006379"
"ADC-254","ARO:3006424"
"ADC-80","ARO:3003886"
"ALI-1","ARO:3006894"
"ALI-2","ARO:3006895"
"ANA-1","ARO:3006896"
"AXC-1","ARO:3006897"
"AXC-2","ARO:3006898"
"AXC-3","ARO:3006899"
"BlaB-11","ARO:3005524"
"BlaB-12","ARO:3005525"
"BlaB-38","ARO:3005551"
"BlaB-7","ARO:3005555"
"BSU-1","ARO:3006902"
"CAR-1","ARO:3006903"
"CARB-42","ARO:3005576"
"CDD-1","ARO:3006904"
"CDD-2","ARO:3006905"
"CepA-29","ARO:3006224"
"CepA-44","ARO:3006225"
"CMA-1","ARO:3006922"
"CMA-2","ARO:3006923"
"CME-2","ARO:3006155"
"CMH-2","ARO:3006854"
"CMY-159","ARO:3006458"
"CRH-1","ARO:3006865"
"CRH-2","ARO:3006866"
"CRP-1","ARO:3006868"
"CSA-1","ARO:3006869"
"CSP-1","ARO:3006871"
"CVI-1","ARO:3006924"
"EAM-1","ARO:3006873"
"EBR-3","ARO:3005461"
"EBR-4","ARO:3005462"
"EC-13","ARO:3006874"
"EC-15","ARO:3006876"
"EC-5","ARO:3006880"
"EC-8","ARO:3006881"
"ECM-1","ARO:3006882"
"ECV-1","ARO:3006883"
"EFM-1","ARO:3006884"
"ELM-1","ARO:3006885"
"FIA-1","ARO:3006887"
"FOX-15","ARO:3006473"
"GOB-29","ARO:3005678"
"GOB-33","ARO:3005682"
"GOB-48","ARO:3005696"
"IMI-13","ARO:3006177"
"IND-16","ARO:3005493"
"KLUC-1","ARO:3006927"
"LHK-1","ARO:3006935"
"LRG-1","ARO:3006941"
"LUS-1","ARO:3006942"
"LUT-4","ARO:3006946"
"MAL-1","ARO:3006949"
"MOC-1","ARO:3006952"
"MYX-1","ARO:3006955"
"OKP-B-22","ARO:3006144"
"OKP-C-1","ARO:3006152"
"OKP-D-1","ARO:3006153"
"ORN-1","ARO:3006957"
"ORR-1","ARO:3006963"
"OXA-307","ARO:3001762"
"OXA-396","ARO:3001582"
"OXA-491","ARO:3005725"
"OXA-493","ARO:3005726"
"OXA-502","ARO:3005732"
"OXA-504","ARO:3005734"
"OXA-518","ARO:3005748"
"OXA-551","ARO:3005775"
"OXA-569","ARO:3005793"
"OXA-574","ARO:3005795"
"OXA-576","ARO:3005797"
"OXA-602","ARO:3005823"
"OXA-609","ARO:3005830"
"OXA-623","ARO:3005844"
"OXA-638","ARO:3005859"
"OXA-643","ARO:3005863"
"OXA-652","ARO:3005868"
"OXA-666","ARO:3005878"
"OXA-726","ARO:3005931"
"OXA-729","ARO:3005934"
"OXA-731","ARO:3005936"
"OXA-732","ARO:3005937"
"OXA-819","ARO:3006017"
"OXA-830","ARO:3006027"
"OXA-900","ARO:3006088"
"OXA-917","ARO:3006103"
"OXA-919","ARO:3006105"
"PAU-1","ARO:3006964"
"PDC-160","ARO:3006539"
"PDC-34","ARO:3006709"
"PFM-2","ARO:3006966"
"PLN-1","ARO:3006972"
"POM-1","ARO:3006974"
"PST-2","ARO:3006977"
"PSV-1","ARO:3006978"
"RSA2-1","ARO:3006981"
"RUB-1","ARO:3006984"
"SFC-1","ARO:3006985"
"SFO-1","ARO:3006986"
"SGM-1","ARO:3006987"
"SGM-2","ARO:3006988"
"SGM-3","ARO:3006989"
"SGM-4","ARO:3006990"
"SGM-5","ARO:3006991"
"SGM-6","ARO:3006992"
"SGM-7","ARO:3006993"
"SHN-1","ARO:3006994"
"SPR-1","ARO:3006996"
"SPS-1","ARO:3006997"
"SRT-3","ARO:3006853"
"STA-1","ARO:3007000"
"TER-2","ARO:3007007"
"TTU-1","ARO:3007002"
"VEB-14","ARO:3006211"
"VHH-1","ARO:3007003"
"YEM-1","ARO:3007005"
"ZOG-1","ARO:3007006"
"norC","ARO:3007010"
"mdeA","ARO:3007011"
"sepA","ARO:3007012"
"sdrM","ARO:3007013"
"qacJ","ARO:3007014"
"qacG","ARO:3007015"
"SHD-1","ARO:3007017"
"fexB","ARO:3007019"
"Alkalihalobacillus_clausii_chloramphenicol_acetyltransferase","ARO:3004452"
"Limosilactobacillus_reuteri_cat-TC","ARO:3002671"
"vanY_gene_in_vanA_cluster","ARO:3002955"
"vanXY_gene_in_vanC_cluster","ARO:3002966"
"vanH_gene_in_vanA_cluster","ARO:3002942"
"vanX_gene_in_vanA_cluster","ARO:3002949"
"R39","ARO:3003565"
"vanS_gene_in_vanB_cluster","ARO:3002932"
"vanH_gene_in_vanB_cluster","ARO:3002943"
"vanR_gene_in_vanE_cluster","ARO:3002924"
"vanT_gene_in_vanC_cluster","ARO:3002970"
"TolC","ARO:3000237"
"MexG","ARO:3000806"
"vanW_gene_in_vanB_cluster","ARO:3002964"
"vgbB","ARO:3001308"
"vanT_gene_in_vanE_cluster","ARO:3002971"
"vanY_gene_in_vanD_cluster","ARO:3002957"
"vgbA","ARO:3001307"
"MexI","ARO:3000808"
"vanZ_gene_in_vanF_cluster","ARO:3002963"
"vanS_gene_in_vanF_cluster","ARO:3002936"
"MCR-1.1","ARO:3003689"
"OXA-289","ARO:3001744"
"Bifidobacterium_bifidum_ileS_conferring_resistance_to_mupirocin","ARO:3003730"
"Staphylococcus_aureus_mupA_conferring_resistance_to_mupirocin","ARO:3000521"
"Rm3","ARO:3003894"
"Erm(44)v","ARO:3003971"
"YojI","ARO:3003952"
"tetB(58)","ARO:3003981"
"MCR-3.1","ARO:3004139"
"MCR-5.1","ARO:3004332"
"Bifidobacterium_adolescentis_rpoB_mutants_conferring_resistance_to_rifampicin","ARO:3004480"
"erm(45)","ARO:3004595"
"TxR","ARO:3005008"
"salB","ARO:3007026"
"salC","ARO:3007027"
"vanY_gene_in_vanG_cluster","ARO:3002959"
"vanS_gene_in_vanG_cluster","ARO:3002937"
"vanS_gene_in_vanO_cluster","ARO:3002941"
"vanXY_gene_in_vanN_cluster","ARO:3002969"
"vanR_gene_in_vanM_cluster","ARO:3002928"
"vanU_gene_in_vanG_cluster","ARO:3004253"
"vanS_gene_in_vanN_cluster","ARO:3002940"
"vanR_gene_in_vanN_cluster","ARO:3002929"
"vanS_gene_in_vanM_cluster","ARO:3002939"
"vanW_gene_in_vanG_cluster","ARO:3002965"
"vanR_gene_in_vanO_cluster","ARO:3002930"
"vanH_gene_in_vanM_cluster","ARO:3002947"
"vanT_gene_in_vanN_cluster","ARO:3002975"
"vanW_gene_in_vanI_cluster","ARO:3003724"
"vanK_gene_in_vanI_cluster","ARO:3003727"
"Erm(52)","ARO:3007041"
"msr(G)","ARO:3007042"
"msr(I)","ARO:3007043"
"Erm(51)","ARO:3007033"
"mreA","ARO:3007050"
"nimD","ARO:3007106"
"Erm(50)","ARO:3007032"
"FosY","ARO:3007069"
"mef(J)","ARO:3007049"
"mef(H)","ARO:3007047"
"lsaD","ARO:3005121"
"PRC-1","ARO:3007085"
"FosM1","ARO:3007097"
"FosM2","ARO:3007098"
"FosM3","ARO:3007099"
"BcIII","ARO:3007101"
"nimA","ARO:3007104"
"nimC","ARO:3007105"
"nimE","ARO:3007107"
"LnuH","ARO:3004600"
"nimF","ARO:3007108"
"nimG","ARO:3007109"
"nimH","ARO:3007110"
"nimI","ARO:3007111"
"nimJ","ARO:3007112"
"nimK","ARO:3007113"
"nimB","ARO:3004655"
"crxA","ARO:3007118"
"tet(O/32/O)","ARO:3007119"
"tet(O/M/O)","ARO:3007120"
"tet(O/W/32/O)","ARO:3007122"
"tet(O/W/O)","ARO:3007123"
"tet(W/32/O)","ARO:3007124"
"tet(X3)","ARO:3004719"
"tet(X6)","ARO:3005056"
"tet(X1)","ARO:3005166"
"Streptomyces_rimosus_otr(A)","ARO:3002891"
"Streptomyces_lividans_otr(A)","ARO:3007127"
"mcr-10.1","ARO:3007137"
"MAB","ARO:3007180"
"blaC","ARO:3007182"
"AAC(6')-Ie-APH(2'')-Ia_bifunctional_protein","ARO:3002597"
"PAM-3","ARO:3007201"
"AAC(6')-Iap","ARO:3007204"
"Streptomyces_venezuelae_rox","ARO:3007209"
"Nocardia_farcinica_rox","ARO:3007210"
"HelR","ARO:3007208"
"MCR-8.2","ARO:3007229"
"MCR-3.33","ARO:3007248"
"MCR-3.38","ARO:3007251"
"MCR-3.27","ARO:3007253"
"FosXCC","ARO:3003208"
"FosI","ARO:3007370"
"FosA8","ARO:3007371"
"FosBx1","ARO:3007372"
"PJM-1","ARO:3007374"
"ANT(9)-Ib","ARO:3007401"
"AAC(3)-IVa","ARO:3002539"
"QnrAS","ARO:3004668"
"QnrB39","ARO:3002754"
"Mrx","ARO:3003839"
"kdpD","ARO:3004047"
"leuO","ARO:3003843"
"AAC(6')-I33","ARO:3002587"
"ANT(3'')-II-AAC(6')-IId_bifunctional_protein","ARO:3002598"
"APH(3')-IXa","ARO:3004087"
"ThfT","ARO:3007427"
"almE","ARO:3007433"
"cfrE","ARO:3005023"
"APH(9)-Ic","ARO:3007539"
"tet(62)","ARO:3007492"
"AAC(6')-I-43","ARO:3004641"
"tet(63)","ARO:3007493"
"tet(64)","ARO:3007494"
"LAQ-1","ARO:3007438"
"EstT","ARO:3007459"
"IND-17","ARO:3007470"
"IMP-91","ARO:3007460"
"RAD-1","ARO:3007483"
"dfrB10","ARO:3007489"
"ANT(9)-Ic","ARO:3007515"
"mef(C)","ARO:3003745"
"mef(E)","ARO:3000614"
"mef(F)","ARO:3007044"
"OXA-1039","ARO:3007562"
"CAE-1","ARO:3007635"
"catA1","ARO:3002683"
"Clostridioides_difficile_cplR","ARO:3007637"
"Clostridium_perfringes_cplR","ARO:3007644"
"Clostridium_sporogenes_cplR","ARO:3007645"
"PSZ-1","ARO:3007648"
"CDA-1","ARO:3007650"
"erm(56)","ARO:3007654"
"SIE-1","ARO:3007846"
"putative_nickel/cobalt_transporter","ARO:3007659"
"Rv1877","ARO:3007662"
"aadT","ARO:3007669"
"Clostridioides_difficile_nimB","ARO:3007671"
"IreK","ARO:3007678"
"AMZ-1","ARO:3007694"
"MdtQ","ARO:3007682"
"TEM-1","ARO:3000873"
"RATA-1","ARO:3007801"
"RATA-2","ARO:3007802"
"CARB-57","ARO:3007836"
"CARB-58","ARO:3007837"
"tet(65)","ARO:3007838"
"CIM-1","ARO:3007840"
"CHM-1","ARO:3007855"
"DYB-1","ARO:3007861"
"ACT-107","ARO:3007890"
"ACT-111","ARO:3007894"
"ACT-118","ARO:3007900"
"ACT-131","ARO:3007907"
"ACT-145","ARO:3007913"
"ACT-153","ARO:3007918"
"ACT-172","ARO:3007935"
"ACT-177","ARO:3007940"
"ACT-189","ARO:3007952"
"ADC-287","ARO:3008003"
"ADC-295","ARO:3008011"
"ADC-343","ARO:3008053"
"ADC-350","ARO:3008060"
"ADC-352","ARO:3008062"
"AIM-2","ARO:3008073"
"BMHC-1","ARO:3008081"
"BOR-1","ARO:3008082"
"CME-3","ARO:3008084"
"CMY-179","ARO:3008116"
"CMY-190","ARO:3008125"
"FONA-12","ARO:3008175"
"GMA-1","ARO:3008193"
"GOB-17","ARO:3008195"
"HBL-1","ARO:3008199"
"HER-3","ARO:3008202"
"HER-6","ARO:3008205"
"HER-8","ARO:3008206"
"HMB-2","ARO:3008207"
"IND-18","ARO:3008226"
"KHM-2","ARO:3008228"
"KPC-122","ARO:3008252"
"MOX-15","ARO:3008383"
"MOX-19","ARO:3008387"
"MUN-1","ARO:3008394"
"OXA-1003","ARO:3008424"
"OXA-1005","ARO:3008426"
"OXA-1036","ARO:3008457"
"OXA-1041","ARO:3008460"
"OXA-1043","ARO:3008462"
"OXA-1045","ARO:3008464"
"OXA-1056","ARO:3008474"
"OXA-1089","ARO:3008507"
"OXA-1090","ARO:3008508"
"OXA-1091","ARO:3008509"
"OXA-1108","ARO:3008526"
"OXA-1112","ARO:3008530"
"OXA-1136","ARO:3008554"
"OXA-1142","ARO:3008560"
"OXA-1152","ARO:3008570"
"OXA-1153","ARO:3008571"
"OXA-1157","ARO:3008575"
"OXA-1160","ARO:3008578"
"OXA-1189","ARO:3008605"
"OXA-1206","ARO:3008618"
"OXA-1208","ARO:3008620"
"OXA-1264","ARO:3008674"
"OXA-1294","ARO:3008704"
"OXA-950","ARO:3008727"
"OXA-956","ARO:3008733"
"OXA-958","ARO:3008735"
"OXA-981","ARO:3008758"
"OXA-984","ARO:3008761"
"OXA-991","ARO:3008768"
"OXA-997","ARO:3008774"
"OXY-2-28","ARO:3008799"
"OXY-8-1","ARO:3008817"
"PAD-1","ARO:3008821"
"PAM-5","ARO:3008822"
"PC1","ARO:3008823"
"PEN-A11","ARO:3008989"
"PEN-A17","ARO:3008994"
"PEN-A20","ARO:3008998"
"PEN-A35","ARO:3009014"
"PEN-A3","ARO:3009017"
"PEN-A5","ARO:3009018"
"PEN-A8","ARO:3009021"
"PEN-A9","ARO:3009022"
"PEN-B1","ARO:3009023"
"PEN-B2","ARO:3009024"
"PEN-B4","ARO:3009026"
"PLA-5","ARO:3009031"
"PNC-1","ARO:3009032"
"PNC-2","ARO:3009033"
"RAA-1","ARO:3009035"
"RAHN-3","ARO:3009036"
"RASA-1","ARO:3009040"
"RSC1-1","ARO:3009041"
"SED-2","ARO:3009044"
"SFDC-1","ARO:3009046"
"SRT-4","ARO:3009065"
"YOC-1","ARO:3009096"
"YRC-1","ARO:3005035"
"SED-1","ARO:3003561"
