"V1","V2","d"
"bla","WP_005827792.1","ARO:3002999"
"vanR","WP_011461303.1","ARO:3003728"
"lsa","WP_011133547.1","ARO:3003111"
"aac(6')","WP_128470137.1","ARO:3002572"
"vanR","WP_021418928.1","ARO:3002926"
"vanR","WP_003436401.1","ARO:3002926"
"bla","WP_005816369.1","ARO:3003559"
"aac(6')","WP_065217783.1","ARO:3002572"
"vanS","WP_063856744.1","ARO:3002937"
"vanW","WP_063856764.1","ARO:3002964"
"aac(6')","WP_318245540.1","ARO:3002572"
"bla","WP_005795628.1","ARO:3003559"
"vanT","WP_021418922.1","ARO:3002972"
"catA","WP_032488555.1","ARO:3004460"
"aac(6')","WP_063840277.1","ARO:3002572"
"aph(3')","WP_063841674.1","ARO:3002648"
"vanG","WP_063856696.1","ARO:3002909"
"vanG","PBI24747.1","ARO:3002909"
"bla","WP_032579291.1","ARO:3006225"
"bla","WP_254887308.1","ARO:3008394"
"vanR","WP_063856721.1","ARO:3002919"
"vat","WP_047211550.1","ARO:3002841"
"vanR","WP_063856716.1","ARO:3002919"
"tet","WP_003454408.1","ARO:3000556"
"msr","WP_000420317.1","ARO:3003109"
"catA","WP_043774378.1","ARO:3004454"
"tet","WP_002602099.1","ARO:3000196"
"vanT","CZR78671.1","ARO:3002972"
"bla","WP_064964607.1","ARO:3007801"
"vanR","WP_063856715.1","ARO:3002923"
"blaOXA","WP_242934113.1","ARO:3008518"
"blaOXA","WP_109545079.1","ARO:3005852"
"catA","WP_002570989.1","ARO:3002686"
"blaR1","WP_000952923.1","ARO:3000215"
"bla","WP_008659027.1","ARO:3006226"
"bla","WP_254888401.1","ARO:3008394"
"aac(3)","WP_058179966.1","ARO:3002537"
"aph(3'')","WP_001082319.1","ARO:3002639"
"bla","WP_063857819.1","ARO:3002481"
"mgt","WP_063854495.1","ARO:3000865"
"bla","WP_030892446.1","ARO:3000090"
"cml","WP_063844229.1","ARO:3002700"
"erm","WP_053138973.1","ARO:3001303"
"aac(3)-I","ABL71428.1","ARO:3002529"
"bla","WP_010926363.1","ARO:3008082"
"bla","WP_011053164.1","ARO:3000090"
"lsa","WP_002294513.1","ARO:3003206"
"ant(6)","WP_087343787.1","ARO:3002627"
"catA","WP_063843219.1","ARO:3002674"
"catA","WP_063843220.1","ARO:3002687"
"bla","WP_087344360.1","ARO:3002877"
"cml","WP_024160909.1","ARO:3002699"
"catA","WP_063843208.1","ARO:3004657"
"erm","WP_063844861.1","ARO:3001305"
"bla","WP_003178584.1","ARO:3007101"
"erm","WP_063844504.1","ARO:3000600"
"bla","WP_007683232.1","ARO:3007846"
"vga","WP_012779620.1","ARO:3002831"
"vanS","WP_011461302.1","ARO:3002931"
"fosM","WP_102272729.1","ARO:3007097"
"catA","WP_035203840.1","ARO:3004452"
"blaOXA","WP_063864194.1","ARO:3005743"
"aph(3')-II","WP_003113011.1","ARO:3002645"
"bla","WP_085562386.1","ARO:3006915"
"bla","WP_058468956.1","ARO:3000606"
"blaOXA","WP_000586782.1","ARO:3001415"
"blaOXA","WP_014845076.1","ARO:3001424"
"fosB","WP_000616116.1","ARO:3004674"
"arr","WP_063842202.1","ARO:3002846"
"vat","WP_005164767.1","ARO:3003744"
"bla","WP_011222052.1","ARO:3003203"
"bla","WP_171476787.1","ARO:3006223"
"blaCAU","WP_063859390.1","ARO:3000855"
"erm","WP_063844492.1","ARO:3000598"
"aac(3)-I","WP_034006142.1","ARO:3002531"
"arr","WP_063842214.1","ARO:3002848"
"arr","WP_052238312.1","ARO:3002850"
"bla-A","WP_002977989.1","ARO:3004766"
"aadS","WP_003013318.1","ARO:3004683"
"catB","WP_000800689.1","ARO:3004660"
"aph(3')","WP_087587933.1","ARO:3002644"
"cml","WP_001747811.1","ARO:3002705"
"ampC","WP_128268282.1","ARO:3009041"
"aac(6')","WP_026868862.1","ARO:3002553"
"bla","WP_068885073.1","ARO:3008821"
"bla","WP_109545074.1","ARO:3005096"
"ampC","WP_311033290.1","ARO:3002521"
"aph(3')-II","QQK39289.1","ARO:3002645"
"aph(3'')","WP_010890156.1","ARO:3002639"
"blaOXA","WP_102607464.1","ARO:3005794"
"blaOXA","WP_064808581.1","ARO:3005795"
"aph(3')","QQK39289.1","ARO:3002645"
"tet","WP_063855881.1","ARO:3000569"
"ampC","WP_011339581.1","ARO:3004291"
"blaOXA","WP_277915723.1","ARO:3001413"
"bla","WP_219860713.1","ARO:3008079"
"bla","WP_063842700.1","ARO:3007635"
"bla","WP_123865086.1","ARO:3007840"
"bla","WP_061710074.1","ARO:3009035"
"cml","WP_115421099.1","ARO:3005043"
"aph(3')","WP_000422633.1","ARO:3002653"
"aac(3)","WP_063840272.1","ARO:3002541"
"fos","WP_015741374.1","ARO:3007371"
"aph(3')-II","WP_034024097.1","ARO:3002646"
"fos","WP_003082280.1","ARO:3000149"
"cml","WP_011552636.1","ARO:3005043"
"tet","WP_124470450.1","ARO:3007494"
"aph(3')","WP_011205810.1","ARO:3002642"
"bla","WP_003410677.1","ARO:3007182"
"bla","WP_006027381.1","ARO:3002482"
"rox","WP_015031687.1","ARO:3007209"
"blaOXA","WP_231869618.1","ARO:3008770"
"ampC","WP_004923134.1","ARO:3003854"
"catA","WP_005826111.1","ARO:3002685"
"fos","WP_012579083.1","ARO:3003209"
"ampC","WP_033642964.1","ARO:3006853"
"blaOXA","WP_014053563.1","ARO:3001809"
"bla","WP_105835300.1","ARO:3008995"
"catA","WP_004920769.1","ARO:3002685"
"ampC","WP_230924646.1","ARO:3007085"
"blaOXA","WP_046991607.1","ARO:3003620"
"cml","WP_063844234.1","ARO:3002701"
"fosA","WP_004146118.1","ARO:3004111"
"bla","WP_063860833.1","ARO:3006949"
"bla","WP_063842248.1","ARO:3002877"
"blaOXA","WP_003235647.1","ARO:3006902"
"ant(3'')","WP_004356282.1","ARO:3002604"
"blaOXA","WP_077021671.1","ARO:3008462"
"bla","WP_075226241.1","ARO:3006978"
"ampC","WP_063843235.1","ARO:3003553"
"blaOXA","WP_058052637.1","ARO:3008735"
"blaOXA","WP_161507793.1","ARO:3006103"
"ampC","WP_032489067.1","ARO:3002156"
"bla","WP_063844282.1","ARO:3003094"
"ampC","WP_042649345.1","ARO:3002191"
"mcr-3","WP_042649074.1","ARO:3004503"
"aac(6')","WP_048233550.1","ARO:3002553"
"mcr-3","WP_099156049.1","ARO:3004508"
"blaOXA","WP_139462269.1","ARO:3008580"
"ampC","WP_268871859.1","ARO:3008387"
"vanH","WP_063856708.1","ARO:3002942"
"vanA","WP_063856516.1","ARO:3000010"
"msr","WP_164941513.1","ARO:3005087"
"vanR","WP_063856726.1","ARO:3002928"
"vanY","WP_001812592.1","ARO:3002955"
"ampC","WP_063864750.1","ARO:3006999"
"erm","WP_063844922.1","ARO:3000596"
"bla","WP_063860831.1","ARO:3006947"
"cml","WP_005297378.1","ARO:3002703"
"erm","WP_063844894.1","ARO:3000596"
"ampC","WP_057991970.1","ARO:3006390"
"cml","WP_003971483.1","ARO:3002690"
"aph(3')","WP_216562158.1","ARO:3002641"
"bla","WP_005479236.1","ARO:3003151"
"bla","WP_015589625.1","ARO:3002255"
"bla","WP_063857821.1","ARO:3004740"
"ampC","WP_280147732.1","ARO:3007694"
"msr","WP_101035417.1","ARO:3007042"
"bla","WP_063839879.1","ARO:3002878"
"vga","WP_063856936.1","ARO:3002829"
"blaOXA","WP_075071939.1","ARO:3008507"
"erm","WP_010896559.1","ARO:3004643"
"blaOXA","WP_049291121.1","ARO:3008435"
"aph(2'')-I","WP_012655884.1","ARO:3002597"
"blaKHM","WP_338424101.1","ARO:3008228"
"aac(3)-I","WP_010792467.1","ARO:3002530"
"bla","WP_071766402.1","ARO:3003718"
"bla","WP_063842239.1","ARO:3003564"
"bla","WP_094009812.1","ARO:3006214"
"catB","WP_001009012.1","ARO:3002681"
"bla","WP_119059468.1","ARO:3008081"
"bla","WP_041258349.1","ARO:3006887"
"aac(6')","WP_058699631.1","ARO:3002572"
"ampC","WP_167809787.1","ARO:3009096"
"bla","WP_158386862.1","ARO:3007635"
"bla","WP_063857834.1","ARO:3004757"
"bla","WP_004197546.1","ARO:3004856"
"bla","WP_164461288.1","ARO:3006924"
"ampC","WP_012074328.1","ARO:3006699"
"blaOXA","WP_148281568.1","ARO:3005060"
"cml","WP_063844243.1","ARO:3002702"
"ampC","WP_311033293.1","ARO:3002521"
"aac(6')","WP_104467712.1","ARO:3004638"
"bla","WP_150896653.1","ARO:3008194"
"vanX","WP_063856778.1","ARO:3002954"
"vanH","WP_063856707.1","ARO:3002948"
"aph(3')","WP_063842178.1","ARO:3002650"
"sal","WP_082039181.1","ARO:3007028"
"aph(6)-I","WP_000116906.1","ARO:3002659"
"blaCHM","WP_202272142.1","ARO:3007855"
"bla-A","WP_034735227.1","ARO:3004768"
"arr","WP_000237816.1","ARO:3002847"
"blaOXA","WP_114268491.1","ARO:3005323"
"blaOXA","WP_004524931.1","ARO:3001772"
"dfr","WP_000868795.1","ARO:3002868"
"bla","WP_338373280.1","ARO:3007861"
"bla","WP_032489168.1","ARO:3002243"
"vanA","WP_001079845.1","ARO:3000010"
"lsa","WP_002296175.1","ARO:3000300"
"bla","WP_063865146.1","ARO:3007007"
"aph(3')","WP_001096887.1","ARO:3002647"
"erm","WP_063844521.1","ARO:3003971"
"aac(6')","WP_318245538.1","ARO:3002572"
"fosB","WP_072419811.1","ARO:3007069"
"bla","WP_063842862.1","ARO:3005097"
"erm","WP_063844819.1","ARO:3001304"
"blaOXA","WP_034015617.1","ARO:3008699"
"fos","WP_032492605.1","ARO:3002874"
"blaOXA","WP_072678505.1","ARO:3005937"
"blaDIM","WP_015588753.1","ARO:3000845"
"blaOXA","WP_012045014.1","ARO:3008509"
"blaBJP","WP_011088970.1","ARO:3000856"
"blaOXA","WP_268871878.1","ARO:3008591"
"bla","WP_105777201.1","ARO:3008989"
"bla","WP_010108817.1","ARO:3009007"
"blaOXA","WP_154205474.1","ARO:3005093"
"aph(3')","WP_012479999.1","ARO:3002646"
"tet","WP_012478245.1","ARO:3000195"
"fosB","WP_204376221.1","ARO:3007099"
"blaOXA","WP_032490761.1","ARO:3001794"
"blaOXA","WP_032490445.1","ARO:3001775"
"bla","WP_015684602.1","ARO:3000856"
"bla","WP_063860827.1","ARO:3006941"
"bla","WP_041881964.1","ARO:3006942"
"ant(6)","WP_003229862.1","ARO:3002627"
"blaOXA","WP_003328240.1","ARO:3004747"
"blaCTX-M","WP_061284984.1","ARO:3006927"
"fosA","WP_034169466.1","ARO:3003210"
"vanW","WP_021419095.1","ARO:3002965"
"ampC","WP_104009838.1","ARO:3006619"
"ampC","WP_016252988.1","ARO:3006658"
"aph(3')-II","WP_000572405.1","ARO:3002644"
"ampC","WP_109791204.1","ARO:3005296"
"bla","WP_029628776.1","ARO:3002246"
"bla","WP_408906789.1","ARO:3006908"
"vanA","WP_011029110.1","ARO:3003723"
"cfr","WP_015892743.1","ARO:3002815"
"msr","WP_000420313.1","ARO:3003109"
"bla","WP_012704143.1","ARO:3004764"
"bla","WP_071766622.1","ARO:3003894"
"ampC","WP_367187975.1","ARO:3009033"
"catB","WP_011113045.1","ARO:3002675"
"fos","WP_005475717.1","ARO:3007371"
"catB","WP_071846375.1","ARO:3002676"
"fosX","WP_024725385.1","ARO:3003208"
"rox","WP_011210071.1","ARO:3007210"
"blaOXA","WP_063864223.1","ARO:3001810"
"ampC","WP_253282916.1","ARO:3007650"
"bla","WP_059512353.1","ARO:3003204"
"catB","WP_010974114.1","ARO:3004451"
"aac(3)","WP_063840263.1","ARO:3002538"
"tet","WP_001973670.1","ARO:3000165"
"ampC","WP_063860889.1","ARO:3002515"
"fos","WP_204376246.1","ARO:3007371"
"blaOXA","WP_019396295.1","ARO:3008447"
"oqxB","WP_012967412.1","ARO:3003923"
"bla","WP_006766281.1","ARO:3009012"
"erm","WP_025811090.1","ARO:3000495"
"bla","WP_065825670.1","ARO:3004749"
"catA","WP_039139170.1","ARO:3004455"
"msr","WP_198462967.1","ARO:3007043"
"vga","WP_032492560.1","ARO:3002829"
"fosM","WP_204376221.1","ARO:3007099"
"vat","WP_063856935.1","ARO:3002845"
"blaPSV","WP_075226241.1","ARO:3006978"
"fosM","WP_066187568.1","ARO:3007098"
"blaOXA","WP_242934120.1","ARO:3008525"
"vat","WP_002328813.1","ARO:3002844"
"blaOXA","WP_087587944.1","ARO:3005777"
"cfr","WP_015735625.1","ARO:3003907"
"ant(9)","WP_002294509.1","ARO:3002630"
"vanY","WP_006285584.1","ARO:3002958"
"ant(9)","WP_000067268.1","ARO:3002630"
"bla","WP_063857839.1","ARO:3002250"
"bla","WP_012261328.1","ARO:3002878"
"ampC","WP_099156042.1","ARO:3002993"
"blaOXA","WP_031757092.1","ARO:3006089"
"bla","WP_105792310.1","ARO:3009007"
"aac(6')","WP_010107623.1","ARO:3002553"
"arr","WP_033959319.1","ARO:3002849"
"bla","WP_063842272.1","ARO:3007442"
"blaCAR","WP_011094382.1","ARO:3006903"
"bla","WP_013992183.1","ARO:3007006"
"blaOXA","WP_338424127.1","ARO:3008649"
"aph(3')","WP_063841661.1","ARO:3002646"
"tet","WP_010973639.1","ARO:3000561"
"blaOXA","WP_154205589.1","ARO:3005094"
"vanS","WP_063856741.1","ARO:3002931"
"bla","WP_002977989.1","ARO:3004766"
"ampC","WP_063860890.1","ARO:3002516"
"ampC","WP_148044425.1","ARO:3006575"
"aph(3')-II","WP_012479999.1","ARO:3002646"
"aph(3'')","WP_012377648.1","ARO:3002638"
"bla","WP_070064531.1","ARO:3004784"
"cfr","WP_002405682.1","ARO:3004649"
"ant(4')-I","WP_063840461.1","ARO:3002623"
"vanR","WP_006285581.1","ARO:3002925"
"vanY","WP_063856916.1","ARO:3002955"
"tet","WP_063854497.1","ARO:3002891"
"bla","WP_122630823.1","ARO:3006886"
"bla","WP_015266427.1","ARO:3006883"
"erm","WP_032488512.1","ARO:3000498"
"mph","WP_014386803.1","ARO:3003742"
"bla","WP_105807557.1","ARO:3009009"
"fos","WP_004146118.1","ARO:3004111"
"bla","WP_122630832.1","ARO:3006893"
"bla","WP_063842948.1","ARO:3000851"
"bla","WP_063865164.1","ARO:3007003"
"bla","WP_063864599.1","ARO:3006973"
"aac(3)-I","WP_011540937.1","ARO:3002530"
"ampC","WP_099982801.1","ARO:3002492"
"bla","WP_318245545.1","ARO:3008158"
"bla","WP_128268281.1","ARO:3006981"
"ampC","WP_256875632.1","ARO:3008871"
"blaOXA","WP_094865115.1","ARO:3001805"
"bla","WP_063842697.1","ARO:3000582"
"bla","WP_049088977.1","ARO:3008815"
"ampC","WP_408906788.1","ARO:3005150"
"ampC","WP_004384957.1","ARO:3006870"
"fos","WP_009486251.1","ARO:3004111"
"erm","WP_007286427.1","ARO:3000593"
"bla","WP_197749418.1","ARO:3006918"
"bla","WP_025370306.1","ARO:3002482"
"ampC","WP_322881141.1","ARO:3009032"
"aac(3)-I","WP_063840258.1","ARO:3002528"
"bla","WP_211862582.1","ARO:3008070"
"vanH","WP_063856700.1","ARO:3002948"
"erm","WP_003972831.1","ARO:3004652"
"bla","WP_041449074.1","ARO:3006896"
"blaOXA","WP_053921012.1","ARO:3005824"
"bla","WP_105825204.1","ARO:3008993"
"blaOXA","WP_375516073.1","ARO:3008706"
"ant(4')-I","WP_087346196.1","ARO:3003905"
"cml","WP_021038045.1","ARO:3002705"
"vanX","WP_011029111.1","ARO:3003725"
"bla","WP_179284320.1","ARO:3006187"
"abc-f","WP_053138477.1","ARO:3002828"
"vanR","WP_003126775.1","ARO:3002922"
"aac(3)-II","WP_033147097.1","ARO:3002534"
"bla","WP_060589395.1","ARO:3002299"
"bla","WP_274293093.1","ARO:3007823"
"bla","WP_060005294.1","ARO:3008997"
"bla","WP_094009807.1","ARO:3005500"
"bla","WP_105781374.1","ARO:3008988"
"aac(6')","WP_016575755.1","ARO:3002563"
"bla","WP_107999608.1","ARO:3008992"
"emt","WP_088245209.1","ARO:3004669"
"erm","WP_063844868.1","ARO:3002824"
"bla","WP_009821475.1","ARO:3006987"
"bla","WP_213603971.1","ARO:3007374"
"fosX","WP_054882068.1","ARO:3007370"
"bla","WP_063864745.1","ARO:3003720"
"aph(3')-I","WP_216562158.1","ARO:3002641"
"blaSGM","WP_009821475.1","ARO:3006987"
"bla","WP_063859390.1","ARO:3000855"
"qnrS","WP_012537714.1","ARO:3002791"
"bla","WP_012774820.1","ARO:3008193"
"blaOXA","WP_004919358.1","ARO:3007483"
"tet","WP_063855983.1","ARO:3000165"
"bla","WP_262697188.1","ARO:3009024"
"blaOXA","WP_064808881.1","ARO:3005325"
"bla","WP_105772526.1","ARO:3009022"
"bla","WP_242934078.1","ARO:3007196"
"nshR","WP_063854493.1","ARO:3003060"
"erm","WP_129546809.1","ARO:3007654"
"bla","WP_148044424.1","ARO:3006964"
"aac(6')","WP_054914207.1","ARO:3002585"
"ampC","WP_063857697.1","ARO:3006229"
"bla","WP_063842911.1","ARO:3003557"
"blaOXA","WP_240067734.1","ARO:3008474"
"blaOXA","WP_009388658.1","ARO:3008605"
"abc-f","WP_063843207.1","ARO:3002817"
"ampC","WP_249828069.1","ARO:3009065"
"ampC","WP_063840466.1","ARO:3009065"
"blaSPR","WP_012145975.1","ARO:3006996"
"bla","WP_122630831.1","ARO:3006864"
"blaOXA","WP_213994602.1","ARO:3008738"
"ant(3'')","WP_025991879.1","ARO:3004692"
"blaSGM","WP_004207704.1","ARO:3006992"
"aac(3)-I","WP_063856942.1","ARO:3002530"
"bla","WP_163122236.1","ARO:3009026"
"bla","WP_063842702.1","ARO:3002510"
"vanY","WP_063856920.1","ARO:3002955"
"fosB","WP_063851229.1","ARO:3005100"
"catA","WP_050945244.1","ARO:3002672"
"catA","WP_087344902.1","ARO:3004357"
"bla","WP_000799223.1","ARO:3004189"
"erm","WP_003183781.1","ARO:3000495"
"bla","WP_063854501.1","ARO:3009007"
"ampC","WP_064511499.1","ARO:3006525"
"erm","WP_001072201.1","ARO:3000347"
"blaOXA","WP_063861020.1","ARO:3001768"
"bla","WP_128268233.1","ARO:3005584"
"aph(3')-I","WP_000018321.1","ARO:3002641"
"blaACT","WP_220120526.1","ARO:3007921"
"bla","WP_029226214.1","ARO:3009007"
"blaSGM","WP_013846594.1","ARO:3006990"
"bla","WP_063857820.1","ARO:3000853"
"catB","WP_063843223.1","ARO:3003110"
"bla","WP_011088970.1","ARO:3000856"
"bla","WP_122630830.1","ARO:3006995"
"aac(6')","WP_024566461.1","ARO:3002572"
"bla-B1-FLAV","WP_012025466.1","ARO:3000840"
"bla","WP_150823494.1","ARO:3006977"
"erm","WP_063844815.1","ARO:3000594"
"abc-f","WP_063856491.1","ARO:3002827"
"bla","WP_105813799.1","ARO:3009002"
"aac(6')","WP_318245539.1","ARO:3002553"
"erm","WP_063844794.1","ARO:3002823"
"nshR","WP_063856492.1","ARO:3003060"
"aph(3'')","WP_063840676.1","ARO:3002638"
"aph(3')","WP_031129630.1","ARO:3002649"
"catB","WP_063843232.1","ARO:3002680"
"arr","WP_001749986.1","ARO:3002848"
"bla","WP_318245543.1","ARO:3008083"
"ampC","WP_039189232.1","ARO:3006228"
"tet","WP_063855885.1","ARO:3003196"
"vanS","WP_063856732.1","ARO:3002937"
"catB","WP_071766400.1","ARO:3002680"
"blaOXA","WP_178317675.1","ARO:3006088"
"blaOXA","WP_096807440.1","ARO:3003115"
"aac(3)","WP_031136588.1","ARO:3002542"
"bla","WP_081048762.1","ARO:3006954"
"ampC","WP_033998317.1","ARO:3005133"
"blaOXA","WP_004547230.1","ARO:3001771"
"bla","WP_009085188.1","ARO:3008084"
"bla","WP_010798607.1","ARO:3006943"
"catB","WP_063843224.1","ARO:3002676"
"tet","WP_003635403.1","ARO:3004603"
"ampC","WP_064511510.1","ARO:3006539"
"bla","WP_172692932.1","ARO:3005015"
"bla","WP_063865206.1","ARO:3006920"
"bla","WP_108361548.1","ARO:3005018"
"bla","WP_100663667.1","ARO:3006931"
"fos","WP_063851231.1","ARO:3003207"
"ampC","WP_242934122.1","ARO:3008861"
"bla","WP_256875606.1","ARO:3007848"
"ampC","WP_262961480.1","ARO:3008912"
"blaOXA","WP_051601260.1","ARO:3008508"
"blaOXA","WP_136512079.1","ARO:3005720"
"bla","WP_028030786.1","ARO:3003563"
"blaOXA","WP_046759755.1","ARO:3008562"
"erm","WP_014387027.1","ARO:3000522"
"blaOXA","WP_096735335.1","ARO:3005879"
"aph(3')","WP_016656536.1","ARO:3004086"
"ampC","WP_375516103.1","ARO:3008976"
"ampC","WP_150823479.1","ARO:3006691"
"fos","WP_004857515.1","ARO:3003209"
"blaPEN-bcc","WP_262697188.1","ARO:3009024"
"aac(3)-IV","WP_001199192.1","ARO:3002539"
"vanH","WP_011029109.1","ARO:3002948"
"aac(3)","WP_012377682.1","ARO:3002544"
"bla","WP_204376227.1","ARO:3006889"
"aph(3')","WP_030183523.1","ARO:3004680"
"bla","WP_012216561.1","ARO:3008997"
"bla","WP_063842263.1","ARO:3002482"
"fosB","WP_000943763.1","ARO:3007372"
"catB","WP_063843225.1","ARO:3002676"
"blaOXA","WP_023096365.1","ARO:3008456"
"vanX","WP_015943580.1","ARO:3003725"
"bla","WP_026025287.1","ARO:3006894"
"erm","WP_052259183.1","ARO:3003106"
"blaOXA","WP_125064048.1","ARO:3008501"
"cfr","WP_105119688.1","ARO:3005023"
"fos","WP_063851232.1","ARO:3007368"
"ampC","WP_029376317.1","ARO:3002519"
"bla","WP_000497840.1","ARO:3007101"
"bla","WP_262761957.1","ARO:3007118"
"blaOXA","WP_284495840.1","ARO:3008618"
"bla","WP_105841035.1","ARO:3008999"
"erm","WP_063844518.1","ARO:3000601"
"rox","WP_063851318.1","ARO:3002884"
"erm","WP_087587931.1","ARO:3004596"
"blaOXA","WP_020848173.1","ARO:3005725"
"bla","WP_087587937.1","ARO:3004738"
"bla","WP_063860932.1","ARO:3006958"
"ampC","WP_105620838.1","ARO:3006923"
"arr","WP_063857695.1","ARO:3002853"
"ampC","WP_099982803.1","ARO:3002489"
"bla","WP_140423326.1","ARO:3006975"
"blaOXA","WP_063862802.1","ARO:3001769"
"erm","WP_006745469.1","ARO:3000604"
"aac(6')","AAL20537.1","ARO:3002571"
"bla","WP_154469535.1","ARO:3007802"
"bla","WP_080700357.1","ARO:3008199"
"catA","WP_032490795.1","ARO:3004656"
"aph(3')","WP_000572405.1","ARO:3002644"
"blaOXA","WP_109545072.1","ARO:3005333"
"bla","WP_019083125.1","ARO:3003558"
"catB","WP_071593228.1","ARO:3002580"
"bla","WP_065597326.1","ARO:3006895"
"bla","WP_063842915.1","ARO:3003556"
"bla","WP_063860521.1","ARO:3006888"
"blaDIM","WP_015818996.1","ARO:3007002"
"ampC","WP_063860892.1","ARO:3002518"
"ampC","WP_058135553.1","ARO:3006822"
"ampC","WP_218519361.1","ARO:3009046"
"bla","WP_011495276.1","ARO:3007017"
"blaOXA","WP_034027761.1","ARO:3008443"
"aph(3')","WP_004861468.1","ARO:3004087"
"tet","WP_063855886.1","ARO:3000165"
"bla","WP_150823495.1","ARO:3005270"
"catA","WP_001010387.1","ARO:3004455"
"bla","WP_030877515.1","ARO:3000090"
"aac(6')","AAF03531.1","ARO:3002569"
"aph(3')","WP_034024097.1","ARO:3002646"
"blaOXA","WP_257394583.1","ARO:3008560"
"bla","WP_063864590.1","ARO:3003670"
"fosX","WP_063851233.1","ARO:3007369"
"bla","WP_052157330.1","ARO:3004786"
"blaOXA","WP_058375744.1","ARO:3001462"
"bla","WP_041884311.1","ARO:3006972"
"vanA","WP_016331865.1","ARO:3002913"
"aac(6')","WP_049440615.1","ARO:3002570"
"blaOXA","WP_219860714.1","ARO:3008734"
"aac(6')","WP_071593201.1","ARO:3004638"
"bla","WP_311033315.1","ARO:3008408"
"vanX","WP_016331866.1","ARO:3003725"
"ble","WP_063842998.1","ARO:3004660"
"bla","WP_268871863.1","ARO:3007445"
"ampC","WP_053813381.1","ARO:3006501"
"fos","WP_161667239.1","ARO:3005024"
"ampC","WP_058176209.1","ARO:3006480"
"qnrD","WP_032495680.1","ARO:3002789"
"blaPEN-bcc","WP_029226214.1","ARO:3009007"
"dfrA","WP_063844472.1","ARO:3002862"
"bla","WP_338424101.1","ARO:3008228"
"ampC","WP_148044401.1","ARO:3004647"
"aac(6')","WP_085334908.1","ARO:3004638"
"ampC","WP_087587964.1","ARO:3006578"
"ampC","WP_063859640.1","ARO:3002116"
"ampC","WP_148044435.1","ARO:3006713"
"blaSED","WP_063864602.1","ARO:3003561"
"vanY","WP_063856910.1","ARO:3002955"
"vanY","WP_107309513.1","ARO:3002961"
"bla","WP_209522946.1","ARO:3008175"
"ampC","WP_034051940.1","ARO:3005150"
"vga","WP_010989615.1","ARO:3004651"
"bla","WP_173179784.1","ARO:3007200"
"aac(6')","WP_000405752.1","ARO:3002572"
"ampC","WP_328703055.1","ARO:3008125"
"fosA","WP_025205684.1","ARO:3002804"
"tet","WP_100931729.1","ARO:3005006"
"ampC","WP_290468365.1","ARO:3007648"
"bla","WP_032489477.1","ARO:3006986"
"aph(3')","WP_063841507.1","ARO:3002647"
"bla","WP_063864748.1","ARO:3006998"
"bla","WP_064964747.1","ARO:3009040"
"aph(3'')","WP_063841015.1","ARO:3002640"
"erm","WP_038563636.1","ARO:3000602"
"dfrA","WP_063844458.1","ARO:3004644"
"mcr-3","WP_099982814.1","ARO:3004662"
"ampC","WP_063406924.1","ARO:3008125"
"aph(3')","WP_003113011.1","ARO:3002645"
"aac(6')","WP_013263788.1","ARO:3004635"
"vat","WP_032489635.1","ARO:3002840"
"bla","WP_085562383.1","ARO:3006911"
"bla","WP_105795180.1","ARO:3009014"
"ant(3'')","WP_011342946.1","ARO:3002605"
"fos","WP_038415208.1","ARO:3002804"
"blaOXA","WP_136512080.1","ARO:3005721"
"blaSPI","WP_002979282.1","ARO:3000841"
"bla","WP_105762373.1","ARO:3009011"
"tet","WP_002364936.1","ARO:3000186"
"vanS","WP_021418927.1","ARO:3002937"
"bla","WP_023857755.1","ARO:3007101"
"vanS","WP_011861275.1","ARO:3002937"
"blaIND","WP_063860627.1","ARO:3002260"
"bla","WP_005165780.1","ARO:3003558"
"ampC","WP_071593224.1","ARO:3005219"
"aac(6')","WP_016162901.1","ARO:3002562"
"vanA-Sc","WP_015943583.1","ARO:3003723"
"bla","WP_011816299.1","ARO:3003558"
"bla","WP_122630825.1","ARO:3006873"
"cml","WP_061345584.1","ARO:3005043"
"aac(6')","WP_063840323.1","ARO:3002558"
"blaOXA","WP_025889747.1","ARO:3008741"
"bla","WP_063857830.1","ARO:3002385"
"ampC","WP_188331862.1","ARO:3006233"
"bla","WP_063864595.1","ARO:3002368"
"bla","WP_109545039.1","ARO:3007000"
"blaOXA","WP_063861588.1","ARO:3001483"
"ampC","WP_109791194.1","ARO:3006637"
"aac(3)-II","WP_063840265.1","ARO:3004623"
"bla","WP_032492430.1","ARO:3000847"
"bla","WP_181726415.1","ARO:3007062"
"vat","WP_063856934.1","ARO:3002844"
"bla","WP_006259855.1","ARO:3000843"
"bla","WP_122630822.1","ARO:3006884"
"blaOXA","WP_331706252.1","ARO:3008705"
"bla","WP_012025466.1","ARO:3000840"
"bla","WP_063857870.1","ARO:3003175"
"bla","WP_063860830.1","ARO:3006946"
"blaBPU","WP_041816295.1","ARO:3004759"
"bla","WP_063839880.1","ARO:3004189"
"blaLAP","WP_031942394.1","ARO:3004825"
"ampC","WP_063839877.1","ARO:3002484"
"ampC","WP_179284370.1","ARO:3005312"
"cml","WP_000214125.1","ARO:3005043"
"aph(3')","WP_003132309.1","ARO:3002645"
"ampC","WP_042027926.1","ARO:3004450"
"msr","WP_063854317.1","ARO:3000251"
"aac(3)-I","WP_011468318.1","ARO:3002529"
"bla","WP_063860832.1","ARO:3006948"
"bla","WP_179284317.1","ARO:3005588"
"blaOXA","WP_045219048.1","ARO:3003599"
"ampC","WP_367187976.1","ARO:3009034"
"fosB","WP_032488468.1","ARO:3004671"
"blaOXA","WP_063861042.1","ARO:3001654"
"blaOXA","WP_063864089.1","ARO:3003615"
"bla","WP_063842698.1","ARO:3000582"
"bla","WP_202272142.1","ARO:3007855"
"bla","WP_000799232.1","ARO:3002878"
"tet","WP_003242953.1","ARO:3003196"
"bla","WP_011550565.1","ARO:3006955"
"bla","WP_063864723.1","ARO:3000854"
"blaOXA","WP_063839877.1","ARO:3002484"
"catB","WP_010635894.1","ARO:3002680"
"bla","WP_375516062.1","ARO:3008350"
"bla","WP_279240785.1","ARO:3008399"
"bla","WP_148044405.1","ARO:3004559"
"blaOXA","WP_063862540.1","ARO:3001398"
"ant(3'')","WP_001749984.1","ARO:3002616"
"blaSGM","WP_007708339.1","ARO:3006991"
"vanW","WP_010815683.1","ARO:3002964"
"vanR","WP_063856718.1","ARO:3002924"
"vanT","WP_063856753.1","ARO:3002971"
"vanXY","WP_063856813.1","ARO:3002967"
"vanC","WP_063856694.1","ARO:3002907"
"blaR1","WP_063842869.1","ARO:3000215"
"vanC","WP_063856713.1","ARO:3002912"
"vanXY","WP_008377360.1","ARO:3002966"
"vanT","WP_063856757.1","ARO:3002975"
"vanR","WP_063856728.1","ARO:3002929"
"vanS","WP_034869172.1","ARO:3002933"
"blaR1","WP_001096386.1","ARO:3000215"
"ampC","WP_064484002.1","ARO:3006514"
"mph","WP_014325835.1","ARO:3003741"
"bla","WP_063842268.1","ARO:3002483"
"blaSGM","WP_010337133.1","ARO:3006993"
"erm","WP_063844932.1","ARO:3002825"
"cml","WP_014386424.1","ARO:3002705"
"ampC","WP_032489727.1","ARO:3002158"
"blaCDD","WP_021361759.1","ARO:3006905"
"vanX","WP_063856768.1","ARO:3002954"
"blaR1","WP_001096392.1","ARO:3000215"
"tet","WP_063856077.1","ARO:3000174"
"blaOXA","WP_000722315.1","ARO:3001404"
"bla","WP_105796499.1","ARO:3009008"
"bla","WP_188331865.1","ARO:3005661"
"bla","WP_063859341.1","ARO:3002244"
"aph(3')-I","WP_011205810.1","ARO:3002642"
"bla","WP_063860095.1","ARO:3004780"
"bla","WP_137138291.1","ARO:3007206"
"bla","WP_105842598.1","ARO:3009000"
"cfr","WP_001010505.1","ARO:3003441"
"tet(H-J)","WP_015589629.1","ARO:3000175"
"blaOXA","WP_200582679.1","ARO:3008604"
"vat","WP_032489342.1","ARO:3002842"
"bla","WP_188331863.1","ARO:3005587"
"tet","WP_042846365.1","ARO:3004441"
"blaOXA","WP_041816295.1","ARO:3004759"
"bla","WP_063864592.1","ARO:3003715"
"fosB","WP_000943772.1","ARO:3000172"
"blaOXA","WP_204376238.1","ARO:3006127"
"ant(4')-I","WP_001014230.1","ARO:3002623"
"aac(3)","WP_034000523.1","ARO:3002536"
"bla","WP_063857843.1","ARO:3002252"
"ampC","WP_032488864.1","ARO:3002012"
"bla","WP_162338672.1","ARO:3009029"
"ampC","WP_179284384.1","ARO:3006815"
"blaOXA","WP_063862810.1","ARO:3003116"
"aac(6')","WP_038790798.1","ARO:3002569"
"fosA","WP_004214174.1","ARO:3003209"
"ant(4')-I","WP_035202393.1","ARO:3003905"
"blaPEN-bcc","WP_011659342.1","ARO:3009012"
"bla","WP_063860467.1","ARO:3003717"
"blaOXA","WP_077564355.1","ARO:3008734"
"tet","WP_000804064.1","ARO:3000165"
"ant(3'')","WP_071846379.1","ARO:3002605"
"bla","WP_063859348.1","ARO:3002245"
"bla","WP_041385949.1","ARO:3006988"
"vanA","WP_063856714.1","ARO:3002913"
"blaPEN-bcc","WP_163122236.1","ARO:3009026"
"bla","WP_048804470.1","ARO:3009021"
"catB","WP_003112709.1","ARO:3002679"
"bla","WP_027373439.1","ARO:3004771"
"bla","WP_027789588.1","ARO:3009024"
"catA","WP_000412211.1","ARO:3002683"
"bla","WP_110273168.1","ARO:3008784"
"blaIND","WP_002979282.1","ARO:3000841"
"bla-A","WP_027373439.1","ARO:3004771"
"blaOXA","WP_152315468.1","ARO:3006027"
"fos","WP_004214174.1","ARO:3003209"
"blaOXA","WP_102607461.1","ARO:3005793"
"ampC","WP_016809943.1","ARO:3002159"
"fosX","WP_014714131.1","ARO:3007370"
"bla","WP_122630829.1","ARO:3006872"
"vanX","WP_006285588.1","ARO:3002952"
"vanA","WP_063856531.1","ARO:3000010"
"vanH","WP_006285586.1","ARO:3002945"
"bla","WP_015818996.1","ARO:3007002"
"blaDIM","WP_043942497.1","ARO:3006976"
"bla","WP_020924773.1","ARO:3006897"
"catB","WP_063843229.1","ARO:3002678"
"blaOXA","WP_063862737.1","ARO:3001431"
"bla","WP_130202201.1","ARO:3005517"
"bla","WP_062743204.1","ARO:3004782"
"aac(6')","WP_057493474.1","ARO:3003199"
"fos","WP_025205684.1","ARO:3002804"
"bla","WP_053064676.1","ARO:3002403"
"bla","WP_087587947.1","ARO:3005622"
"ampC","WP_032495011.1","ARO:3002161"
"vat","WP_071218948.1","ARO:3003987"
"tet","WP_010981361.1","ARO:3000167"
"blaPNC","WP_367187975.1","ARO:3009033"
"cml","WP_001256773.1","ARO:3002696"
"bla","WP_063864874.1","ARO:3001032"
"fos","WP_023231494.1","ARO:3004113"
"vanA","WP_015943583.1","ARO:3003723"
"vanH","WP_063856698.1","ARO:3002948"
"vga","WP_063856938.1","ARO:3002832"
"blaCARB","WP_025546314.1","ARO:3005567"
"blaCARB","WP_063865165.1","ARO:3007004"
"bla","WP_044403015.1","ARO:3006974"
"ampC","WP_034081664.1","ARO:3005157"
"bla","WP_063859542.1","ARO:3004773"
"ampC","WP_244054059.1","ARO:3008392"
"blaVMB","WP_172692932.1","ARO:3005015"
"aac(6')","WP_005062866.1","ARO:3002567"
"aph(6)-I","WP_000480968.1","ARO:3002660"
"aac(3)-I","WP_063838852.1","ARO:3002600"
"ampC","WP_223146980.1","ARO:3008842"
"catA","WP_011152976.1","ARO:3002683"
"ampC","WP_134265631.1","ARO:3006772"
"ble","WP_000131935.1","ARO:3005036"
"bla","WP_105765688.1","ARO:3009004"
"ampC","WP_007888761.1","ARO:3006869"
"bla","WP_003023375.1","ARO:3004801"
"catA","WP_063843212.1","ARO:3004460"
"blaOXA","WP_054500785.1","ARO:3005992"
"aac(6')","WP_005202238.1","ARO:3002568"
"ampC","WP_132710363.1","ARO:3006811"
"erm","WP_015345217.1","ARO:3000605"
"ampC","WP_311033294.1","ARO:3002521"
"ant(6)","WP_002294505.1","ARO:3002626"
"ant(3'')","WP_070342369.1","ARO:3002605"
"ampC","WP_375516083.1","ARO:3008952"
"bla","WP_214824597.1","ARO:3007470"
"bla","WP_122630834.1","ARO:3006926"
"bla","WP_122630824.1","ARO:3006882"
"qac","WP_000800531.1","ARO:3005098"
"fosX","WP_003726635.1","ARO:3000198"
"aac(3)","WP_044061792.1","ARO:3002537"
"blaOXA","WP_071846203.1","ARO:3005314"
"blaOXA","WP_006384924.1","ARO:3005702"
"bla","WP_043592266.1","ARO:3006865"
"aac(6')","WP_005418370.1","ARO:3003199"
"ampC","WP_033945151.1","ARO:3005039"
"ampC","WP_063864561.1","ARO:3006482"
"bla","WP_063857696.1","ARO:3003716"
"bla","WP_013846594.1","ARO:3006990"
"tet(H-J)","WP_006248867.1","ARO:3000175"
"ampC","WP_063859827.1","ARO:3002031"
"bla","WP_032494759.1","ARO:3003202"
"ampC","WP_063859673.1","ARO:3002120"
"arr","WP_044059783.1","ARO:3002852"
"ampC","WP_032491956.1","ARO:3006228"
"ampC","WP_168370989.1","ARO:3005035"
"ampC","WP_219860729.1","ARO:3007438"
"blaOXA","WP_012705551.1","ARO:3000215"
"bla","WP_064344965.1","ARO:3008793"
"lsa","WP_063851347.1","ARO:3003112"
"ampC","WP_333169117.1","ARO:3007929"
"ampC","WP_032942160.1","ARO:3002099"
"blaOXA","WP_032488483.1","ARO:3001400"
"mph","WP_000155092.1","ARO:3003741"
"aph(3')-V","WP_031129630.1","ARO:3002649"
"bla","WP_002022164.1","ARO:3002248"
"erm","WP_014325825.1","ARO:3003106"
"bla","WP_086979105.1","ARO:3005668"
"bla","WP_219860711.1","ARO:3008074"
"bla","WP_004874166.1","ARO:3007005"
"ampC","WP_063860233.1","ARO:3006875"
"blaOXA","WP_136512077.1","ARO:3005718"
"oqxB","WP_004899982.1","ARO:3003923"
"blaOXA","WP_032488481.1","ARO:3002997"
"cfr","WP_012116915.1","ARO:3002814"
"catA","WP_063843221.1","ARO:3002687"
"vanH","WP_063856699.1","ARO:3002948"
"bla","WP_219860712.1","ARO:3008078"
"bla","WP_213994577.1","ARO:3008075"
"blaCDD","WP_009901927.1","ARO:3006904"
"bla","WP_304486996.1","ARO:3000582"
"bla","WP_021440083.1","ARO:3003154"
"blaOXA","WP_104052979.1","ARO:3008665"
"ant(3'')","WP_071846286.1","ARO:3002605"
"fosA","WP_009486251.1","ARO:3004111"
"bla","WP_063860632.1","ARO:3002265"
"tet(X)","WP_024160783.1","ARO:3004719"
"ampC","WP_047567658.1","ARO:3002494"
"catB","WP_034085125.1","ARO:3003110"
"bla","WP_087744800.1","ARO:3005384"
"bla","WP_231869652.1","ARO:3008237"
"bla","WP_109342732.1","ARO:3009023"
"aph(6)-I","WP_063841666.1","ARO:3002659"
"bla","WP_105837729.1","ARO:3009016"
"bla","WP_063864591.1","ARO:3003714"
"oqxB","AAO18187.2","ARO:3000777"
"bla","WP_063860493.1","ARO:3004793"
"bla","WP_105782476.1","ARO:3009001"
"aac(6')","WP_063840325.1","ARO:3004635"
"bla","WP_063842717.1","ARO:3002513"
"fosX","WP_010989789.1","ARO:3000198"
"aac(3)-II","WP_012695485.1","ARO:3005085"
"ampC","WP_168247881.1","ARO:3005012"
"blaSMB","WP_063864723.1","ARO:3000854"
"bla","WP_088929369.1","ARO:3009015"
"aph(3')","WP_014386410.1","ARO:3002652"
"blaOXA","WP_063864088.1","ARO:3003614"
"aph(3')","WP_010891085.1","ARO:3002641"
"aac(3)-II","WP_015060297.1","ARO:3004621"
"erm","WP_055641627.1","ARO:3001265"
"bla","WP_063842704.1","ARO:3002488"
"blaAMZ","WP_280147732.1","ARO:3007694"
"aac(6')","WP_053461075.1","ARO:3003199"
"bla","WP_088926609.1","ARO:3008998"
"bla","WP_111263186.1","ARO:3007201"
"bla","WP_122630833.1","ARO:3006892"
"bla","WP_105856053.1","ARO:3009013"
"ampC","WP_063860894.1","ARO:3002521"
"aac(6')","WP_262697082.1","ARO:3007204"
"aac(6')","WP_005269797.1","ARO:3002557"
"vat","WP_063856929.1","ARO:3002844"
"aac(6')","WP_032874497.1","ARO:3002561"
"blaOXA","WP_213994601.1","ARO:3008737"
"blaOXA","WP_016852290.1","ARO:3001582"
"aac(6')","WP_038726674.1","ARO:3002569"
"blaOXA","WP_004650739.1","ARO:3001751"
"catA","WP_002210545.1","ARO:3002689"
"aac(3)-I","WP_038404949.1","ARO:3002529"
"dfrA","WP_001355915.1","ARO:3003013"
"aac(6')","WP_023622803.1","ARO:3002594"
"blaOXA","WP_102607462.1","ARO:3005324"
"ampC","WP_064511511.1","ARO:3006540"
"blaFEZ","WP_058468956.1","ARO:3000606"
"bla","WP_109545050.1","ARO:3006866"
"bla","WP_063864602.1","ARO:3003561"
"bla","WP_168247877.1","ARO:3005657"
"bla","WP_063859956.1","ARO:3001999"
"bla","WP_105765076.1","ARO:3009005"
"ampC","WP_148044464.1","ARO:3006748"
"ampC","AAZ85968.1","ARO:3006881"
"aac(6')","WP_063840329.1","ARO:3002564"
"qac","WP_032492097.1","ARO:3005098"
"bla","WP_059330348.1","ARO:3004775"
"blaOXA","WP_279240796.1","ARO:3008602"
"bla","WP_063842669.1","ARO:3000582"
"ampC","WP_148044466.1","ARO:3005293"
"ant(3'')","WP_071846297.1","ARO:3002606"
"bla","WP_063860828.1","ARO:3006944"
"fos","WP_023216493.1","ARO:3004113"
"bla","WP_231869590.1","ARO:3002241"
"bla","WP_081853183.1","ARO:3006885"
"erm","WP_036428783.1","ARO:3004606"
"vanA","WP_063856536.1","ARO:3000010"
"vanX","WP_063856781.1","ARO:3002949"
"dfrA","WP_032490158.1","ARO:3003014"
"qac","WP_015740450.1","ARO:3007015"
"abc-f","WP_063854494.1","ARO:3003036"
"blaOXA","WP_005011312.1","ARO:3001754"
"blaFTU","WP_003023375.1","ARO:3004801"
"blaOXA","WP_134696937.1","ARO:3008571"
"blaESP","WP_063860467.1","ARO:3003717"
"blaOXA","WP_240067735.1","ARO:3008475"
"blaOXA","WP_024916334.1","ARO:3006090"
"bla","WP_000733402.1","ARO:3005097"
"bla","WP_121606866.1","ARO:3008173"
"catA","WP_011751353.1","ARO:3002684"
"bla","WP_011882713.1","ARO:3009007"
"ampC","WP_048209719.1","ARO:3006264"
"ampC","WP_025151790.1","ARO:3002143"
"bla","WP_071846358.1","ARO:3005589"
"ampC","WP_283624015.1","ARO:3008168"
"tet","WP_001039466.1","ARO:3000168"
"tet","WP_011645018.1","ARO:3000165"
"bla-A","WP_061710074.1","ARO:3009035"
"blaOXA","WP_114272532.1","ARO:3005932"
"ampC","WP_109545066.1","ARO:3006474"
"catB","WP_012477387.1","ARO:3002675"
"blaOXA","WP_004295324.1","ARO:3001777"
"cml","WP_063845065.1","ARO:3002705"
"blaOXA","WP_063862734.1","ARO:3001551"
"blaOXA","WP_012662081.1","ARO:3005726"
"bla","WP_063842707.1","ARO:3002511"
"blaPNC","WP_367187976.1","ARO:3009034"
"blaOXA","WP_150664304.1","ARO:3008567"
"tet(H-J)","WP_012209823.1","ARO:3000175"
"catB","WP_002075262.1","ARO:3002680"
"arr","WP_071846280.1","ARO:3002848"
"bla","WP_087587934.1","ARO:3004737"
"ant(3'')-II","WP_004680079.1","ARO:3004682"
"blaOXA","WP_000854010.1","ARO:3001678"
"tet","WP_001089072.1","ARO:3000166"
"bla","WP_005091054.1","ARO:3007180"
"erm","WP_063844871.1","ARO:3001306"
"ampC","WP_375516100.1","ARO:3008973"
"ampC","WP_063842730.1","ARO:3002519"
"bla","WP_150823466.1","ARO:3005585"
"blaOXA","WP_087587942.1","ARO:3005775"
"blaOXA","WP_014386432.1","ARO:3001416"
"erm","WP_031885508.1","ARO:3000375"
"erm","WP_011152925.1","ARO:3000596"
"aph(3'')","WP_063840677.1","ARO:3002638"
"bla","WP_105766562.1","ARO:3008991"
"catB","WP_032489305.1","ARO:3002676"
"vanX","WP_222891056.1","ARO:3007190"
"rmt","WP_063978071.1","ARO:3000862"
"erm","WP_311033296.1","ARO:3004596"
"bla","WP_063860834.1","ARO:3006950"
"bla","WP_063860627.1","ARO:3002260"
"bla","WP_045183849.1","ARO:3005697"
"blaOXA","WP_231869622.1","ARO:3008774"
"blaOXA","WP_116786835.1","ARO:3005933"
"vanR","WP_063856720.1","ARO:3002919"
"bla","WP_063860907.1","ARO:3002426"
"bla","WP_063842712.1","ARO:3002512"
"ampC","WP_111672883.1","ARO:3006649"
"ampC","WP_096807445.1","ARO:3006473"
"ampC","WP_257394585.1","ARO:3008877"
"ampC","WP_164461295.1","ARO:3006761"
"fos","WP_000941935.1","ARO:3004113"
"blaOXA","WP_367187971.1","ARO:3008661"
"blaOXA","WP_092689909.1","ARO:3005878"
"aac(6')-Ie","WP_032490744.1","ARO:3002597"
"sal","WP_096809342.1","ARO:3007029"
"bla","WP_060874262.1","ARO:3006952"
"bla","WP_078793281.1","ARO:3005693"
"blaOXA","WP_034002900.1","ARO:3008655"
"ampC","WP_053816671.1","ARO:3006529"
"nimIJ","WP_005812825.1","ARO:3007112"
"blaOXA","WP_011707905.1","ARO:3008720"
"bla","WP_156404663.1","ARO:3006219"
"blaOXA","WP_279240797.1","ARO:3008603"
"catA","WP_012477888.1","ARO:3004656"
"catA","WP_040564913.1","ARO:3004454"
"ant(3'')","WP_044067522.1","ARO:3002619"
"tet","WP_000804063.1","ARO:3000165"
"vanR","WP_001280781.1","ARO:3002919"
"aph(3')-II","WP_003132309.1","ARO:3002645"
"aph(3')-II","WP_063841661.1","ARO:3002646"
"ampC","WP_148044448.1","ARO:3006726"
"aac(6')","WP_005410660.1","ARO:3002570"
"aac(6')","WP_005296085.1","ARO:3002567"
"bla","WP_043245728.1","ARO:3007199"
"arr","WP_063857694.1","ARO:3002848"
"arr","WP_071846202.1","ARO:3002848"
"blaOXA","WP_114699266.1","ARO:3005934"
"blaOXA","WP_007879679.1","ARO:3006105"
"vga","WP_002440627.1","ARO:3002829"
"ampC","WP_063843234.1","ARO:3008390"
"aac(6')","WP_047426753.1","ARO:3002561"
"blaB1PEDO","WP_063864592.1","ARO:3003715"
"ant(3'')","WP_070342373.1","ARO:3002616"
"blaOXA","WP_052266736.1","ARO:3001461"
"blaOXA","WP_011013281.1","ARO:3004239"
"bla","WP_063842695.1","ARO:3000582"
"ampC","WP_008815550.1","ARO:3006231"
"aph(3')","WP_000422636.1","ARO:3002652"
"aph(3')","WP_063842179.1","ARO:3002651"
"cfr","WP_002349981.1","ARO:3004649"
"blaOXA","WP_114230457.1","ARO:3008683"
"blaOXA","WP_252649526.1","ARO:3008688"
"ampC","WP_063857772.1","ARO:3001849"
"blaOXA","WP_033984473.1","ARO:3008680"
"blaOXA","WP_053814856.1","ARO:3008694"
"erm","WP_009950391.1","ARO:3000326"
"vanR","WP_222891057.1","ARO:3007191"
"bla","WP_063860216.1","ARO:3000842"
"bla","WP_375516054.1","ARO:3008077"
"blaOXA","WP_063864087.1","ARO:3003613"
"blaOXA","WP_033887259.1","ARO:3008455"
"aac(3)","WP_033147097.1","ARO:3002534"
"bla","WP_184489348.1","ARO:3008822"
"cfr","WP_011245929.1","ARO:3002816"
"tet","WP_031942321.1","ARO:3000165"
"blaOXA","WP_054428802.1","ARO:3003611"
"blaOXA","WP_048806429.1","ARO:3001456"
"ampC","WP_122630851.1","ARO:3005310"
"blaOXA","WP_031694184.1","ARO:3006095"
"ampC","WP_099156055.1","ARO:3006232"
"bla","WP_063860852.1","ARO:3003842"
"qac","WP_057094859.1","ARO:3007014"
"blaOXA","WP_140423324.1","ARO:3006030"
"bla","WP_019050927.1","ARO:3005671"
"bla","WP_004339683.1","ARO:3003002"
"tet","WP_032488557.1","ARO:3000174"
"bla","WP_063859570.1","ARO:3006155"
"bla","WP_038976851.1","ARO:3001041"
"blaOXA","WP_052248074.1","ARO:3008739"
"blaOXA","WP_052794776.1","ARO:3005846"
"bla","WP_063860624.1","ARO:3002269"
"aac(3)-IV","WP_149317372.1","ARO:3005061"
"qac","WP_010890145.1","ARO:3005009"
"bla","WP_088924033.1","ARO:3009006"
"gar","WP_052905207.1","ARO:3003949"
"vanS","WP_002305818.1","ARO:3002931"
"aac(3)-I","WP_079459897.1","ARO:3002530"
"bla","WP_063859363.1","ARO:3002247"
"bla","WP_071766619.1","ARO:3000849"
"vanA","WP_041219811.1","ARO:3003723"
"vanX","WP_023043158.1","ARO:3003070"
"bla","WP_219860717.1","ARO:3009081"
"bla","WP_004287923.1","ARO:3004795"
"bla","WP_043942497.1","ARO:3006976"
"blaOXA","WP_150662373.1","ARO:3008570"
"fos","WP_114473955.1","ARO:3003209"
"cml","WP_010890215.1","ARO:3002703"
"bla","WP_025442943.1","ARO:3003186"
"bla","WP_063860089.1","ARO:3001951"
"blaOXA","WP_058145768.1","ARO:3008700"
"ant(3'')","WP_031192893.1","ARO:3002614"
"aac(6')","WP_071846318.1","ARO:3004635"
"ampC","WP_063859872.1","ARO:3002095"
"blaOXA","WP_006391197.1","ARO:3001610"
"aac(6')","WP_005414154.1","ARO:3002570"
"ampC","WP_242934066.1","ARO:3007890"
"blaOXA","WP_034047652.1","ARO:3008691"
"ampC","WP_168247882.1","ARO:3005013"
"blaOXA","WP_268871881.1","ARO:3008595"
"fos","WP_034169466.1","ARO:3003210"
"tet","WP_000841446.1","ARO:3000167"
"tet","WP_063855888.1","ARO:3000165"
"blaOXA","WP_034612711.1","ARO:3005158"
"vanA","WP_023043159.1","ARO:3000005"
"bla","WP_063108644.1","ARO:3001998"
"ampC","WP_063857771.1","ARO:3001843"
"blaCARB","WP_005391263.1","ARO:3007836"
"ampC","WP_029925205.1","ARO:3002520"
"blaPEN-bcc","WP_011882713.1","ARO:3009007"
"bla","WP_063842696.1","ARO:3000582"
"bla","WP_013255389.1","ARO:3006997"
"fos","WP_000777201.1","ARO:3007371"
"bla","WP_063857835.1","ARO:3002240"
"bla","WP_087094142.1","ARO:3005544"
"bla","WP_048334865.1","ARO:3002425"
"blaOXA","WP_063569909.1","ARO:3001503"
"blaOXA","WP_116786833.1","ARO:3005936"
"bla","WP_063978070.1","ARO:3004092"
"fos","WP_054890630.1","ARO:3003207"
"ampC","WP_085562393.1","ARO:3006556"
"ble","WP_063856941.1","ARO:3002596"
"erm","WP_046361760.1","ARO:3004596"
"bla","WP_068981631.1","ARO:3005583"
"bla","WP_000733281.1","ARO:3000621"
"dfrA","WP_004201280.1","ARO:3002859"
"aac(3)","WP_012695485.1","ARO:3005085"
"ampC","WP_063859873.1","ARO:3002096"
"bla","WP_024530279.1","ARO:3008178"
"blaOXA","WP_063861840.1","ARO:3001692"
"blaOXA","WP_240067731.1","ARO:3008470"
"blaOXA","WP_000713530.1","ARO:3001705"
"tet","WP_000841448.1","ARO:3000167"
"ampC","WP_063860847.1","ARO:3002184"
"bla","WP_015083750.1","ARO:3006912"
"blaOXA","WP_058142895.1","ARO:3008448"
"bla","WP_063864747.1","ARO:3003793"
"bla","WP_032687534.1","ARO:3009030"
"bla","WP_136512109.1","ARO:3005514"
"blaOXA","WP_023122435.1","ARO:3008545"
"bla","WP_231869593.1","ARO:3009080"
"blaOXA","WP_049044515.1","ARO:3008730"
"tet","WP_148044404.1","ARO:3004591"
"blaOXA","WP_004867933.1","ARO:3001763"
"blaOXA","WP_023097100.1","ARO:3008451"
"bla","WP_085562388.1","ARO:3006910"
"blaOXA","WP_094069128.1","ARO:3008674"
"ampC","WP_048241752.1","ARO:3002052"
"blaR1","WP_001096376.1","ARO:3000215"
"sal","WP_218702729.1","ARO:3007027"
"erm","WP_311033295.1","ARO:3004596"
"bla","WP_063860092.1","ARO:3001955"
"erm","WP_011117197.1","ARO:3000595"
"blaOXA","WP_268871867.1","ARO:3008573"
"aac(6')","WP_063840328.1","ARO:3002562"
"ampC","WP_148044402.1","ARO:3004648"
"bla","WP_044103626.1","ARO:3006216"
"cml","WP_011113071.1","ARO:3002703"
"aph(6)-I","WP_003970239.1","ARO:3002657"
"blaOXA","WP_164461292.1","ARO:3006094"
"dfrA","WP_071846388.1","ARO:3002861"
"bla","WP_268871865.1","ARO:3008396"
"vanA","WP_058492019.1","ARO:3003723"
"bla","WP_117664257.1","ARO:3003097"
"qac","WP_000622778.1","ARO:3003047"
"blaOXA","WP_223146972.1","ARO:3008439"
"ampC","WP_063857698.1","ARO:3006230"
"bla","WP_114699283.1","ARO:3005507"
"blaSGM","WP_041385949.1","ARO:3006988"
"bla","WP_109545042.1","ARO:3006963"
"dfrA","WP_001389366.1","ARO:3002860"
"aac(3)-II","WP_063840267.1","ARO:3004621"
"erm","WP_002682030.1","ARO:3000498"
"blaOXA","WP_213994604.1","ARO:3008742"
"blaOXA","WP_121306048.1","ARO:3008442"
"bla","WP_105846710.1","ARO:3008988"
"ant(3'')","WP_071846244.1","ARO:3002605"
"aac(3)","WP_063840271.1","ARO:3002542"
"ant(6)","WP_001255864.1","ARO:3002628"
"bla","WP_338424141.1","ARO:3009086"
"blaDIM","WP_063860203.1","ARO:3000848"
"dfrB","WP_010890144.1","ARO:3003022"
"ampC","WP_064483996.1","ARO:3006508"
"aac(6')","WP_016930164.1","ARO:3002549"
"ampC","WP_048321520.1","ARO:3002494"
"tet","WP_011860841.1","ARO:3000186"
"cml","WP_071846279.1","ARO:3002695"
"ampC","WP_032974004.1","ARO:3006922"
"blaOXA","WP_033954903.1","ARO:3003642"
"bla","WP_085562389.1","ARO:3006909"
"ampC","WP_039272978.1","ARO:3003172"
"bla","WP_063865198.1","ARO:3005497"
"blaOXA","WP_128268283.1","ARO:3009042"
"bla","WP_136512107.1","ARO:3005503"
"blaOXA","WP_034080731.1","ARO:3008704"
"bla","WP_047664983.1","ARO:3006969"
"blaOXA","WP_375516070.1","ARO:3008692"
"aph(3')","WP_063841495.1","ARO:3002647"
"blaOXA","WP_242934118.1","ARO:3008523"
"erm","WP_139847607.1","ARO:3003106"
"ampC","WP_063840463.1","ARO:3008390"
"ant(6)","WP_003454325.1","ARO:3002629"
"nim","WP_087312253.1","ARO:3007109"
"vanR","WP_063856722.1","ARO:3002923"
"vanS","WP_063856743.1","ARO:3002933"
"bla","WP_063843242.1","ARO:3003002"
"bla","WP_206340447.1","ARO:3008394"
"aph(2'')-I","WP_021424053.1","ARO:3004191"
"nim","WP_005812773.1","ARO:3007107"
"rmt","WP_063866478.1","ARO:3004678"
"tet","WP_063856407.1","ARO:3000191"
"catB","WP_032492194.1","ARO:3002676"
"tet","WP_006744283.1","ARO:3000197"
"bla","WP_010992371.1","ARO:3006225"
"vanR","WP_063856727.1","ARO:3002923"
"bla","WP_063865204.1","ARO:3006224"
"vanR","WP_023043165.1","ARO:3002923"
"nim","WP_063854492.1","ARO:3007106"
"ant(6)","WP_001255868.1","ARO:3002629"
"tet","WP_002872163.1","ARO:3007120"
"vanA","WP_063856693.1","ARO:3000005"
"vanX","WP_063856775.1","ARO:3003070"
"vanS","WP_063856738.1","ARO:3002934"
"ant(6)","WP_001255866.1","ARO:3002628"
"vanW","WP_063856762.1","ARO:3002965"
"cfr","WP_111690898.1","ARO:3005023"
"fosB","WP_085562382.1","ARO:3004672"
"bla","WP_193683783.1","ARO:3009098"
"bla","WP_063860531.1","ARO:3004803"
"erm","WP_002571018.1","ARO:3007041"
"vanX","WP_063856776.1","ARO:3003070"
"vanA","WP_063856690.1","ARO:3000005"
"vanH","WP_063856702.1","ARO:3002944"
"vanS","WP_063856730.1","ARO:3002934"
"vanA","WP_006285587.1","ARO:3002908"
"fosA","WP_114473955.1","ARO:3003209"
"bla","WP_011094382.1","ARO:3006903"
"blaOXA","WP_242934114.1","ARO:3008519"
"bla","WP_034866180.1","ARO:3005678"
"bla","WP_078703439.1","ARO:3005680"
"aph(3')","WP_019407932.1","ARO:3004675"
"qac","WP_003830719.1","ARO:3007014"
"blaOXA","WP_237920325.1","ARO:3008526"
"blaOXA","WP_240067733.1","ARO:3008473"
"bla","WP_007688792.1","ARO:3006989"
"aac(3)","WP_015060297.1","ARO:3004621"
"bla","WP_063864549.1","ARO:3002408"
"aac(6')","WP_005243483.1","ARO:3002557"
"bla","WP_063865197.1","ARO:3005495"
"blaALI","WP_026025287.1","ARO:3006894"
"bla","WP_262697127.1","ARO:3008192"
"bla","WP_024567831.1","ARO:3005675"
"bla","WP_099982802.1","ARO:3002486"
"blaOXA","WP_075112279.1","ARO:3008736"
"bla","WP_059323095.1","ARO:3005686"
"aph(3')","WP_063840676.1","ARO:3002638"
"aac(6')","WP_071593229.1","ARO:3002553"
"bla","WP_148044475.1","ARO:3006217"
"bla","WP_009089555.1","ARO:3005669"
"bla","WP_242934074.1","ARO:3008249"
"bla","WP_078797000.1","ARO:3005682"
"bla","WP_065825678.1","ARO:3009079"
"bla","WP_013578129.1","ARO:3009036"
"bla","WP_058879139.1","ARO:3005687"
"vanU","WP_021418929.1","ARO:3004253"
"vanXY","WP_063856783.1","ARO:3003069"
"ampC","AAC77110.1","ARO:3004290"
"tet","WP_122634437.1","ARO:3004442"
"tet","WP_003505402.1","ARO:3000196"
"nimIJ","WP_021588763.1","ARO:3007111"
"rmt","WP_063866490.1","ARO:3004679"
"aac(3)","WP_063840270.1","ARO:3002542"
"aac(3)","WP_063856943.1","ARO:3002542"
"bla","WP_304486998.1","ARO:3008080"
"bla","WP_039103359.1","ARO:3002473"
"aac(3)","WP_063840261.1","ARO:3002536"
"blaOXA","WP_063861316.1","ARO:3001766"
"vanW","WP_032489744.1","ARO:3002964"
"tet","WP_044666383.1","ARO:3000190"
"vanY","WP_021418926.1","ARO:3002959"
"vanR","WP_016295750.1","ARO:3002923"
"vanS","WP_063856740.1","ARO:3002931"
"bla","WP_000733275.1","ARO:3008823"
"vanT","WP_063856759.1","ARO:3002970"
"vanW","WP_002368694.1","ARO:3002964"
"vanA","WP_063856625.1","ARO:3000013"
"vanX","WP_063856767.1","ARO:3002949"
"aph(3')","WP_318245542.1","ARO:3002654"
"bla","WP_063843243.1","ARO:3003002"
"blaOXA","WP_019485147.1","ARO:3006041"
"rmt","WP_019726361.1","ARO:3002667"
"cfxA","WP_117664257.1","ARO:3003097"
"vanS","WP_063856749.1","ARO:3002940"
"aph(2'')-I","WP_057097547.1","ARO:3004191"
"bla","WP_224206459.1","ARO:3008395"
"bla","WP_005808062.1","ARO:3000578"
"blaOXA","WP_032835180.1","ARO:3001780"
"bla","WP_063865158.1","ARO:3002371"
"bla","WP_063865157.1","ARO:3006213"
"bla","WP_078318620.1","ARO:3005074"
"blaOXA","WP_016162389.1","ARO:3005329"
"bla","WP_032491907.1","ARO:3002364"
"aph(2'')-I","WP_057098416.1","ARO:3004191"
"aph(2'')-I","WP_032490744.1","ARO:3002597"
"erm","WP_000810833.1","ARO:3005099"
"bla","WP_202089433.1","ARO:3006137"
"vanR","WP_063856741.1","ARO:3002931"
"bla","WP_006555379.1","ARO:3004359"
"vanR","WP_034869172.1","ARO:3002933"
"tet","WP_063856405.1","ARO:3000190"
"nim","WP_063854491.1","ARO:3007105"
"aph(3')","WP_004206941.1","ARO:3002647"
"aac(6')-Ie","WP_012655884.1","ARO:3002597"
"aac(6')-Ie","WP_057097547.1","ARO:3004191"
"ampC","WP_220120526.1","ARO:3007921"
"aph(3')-I","WP_000018330.1","ARO:3002641"
"blaOXA","WP_063864094.1","ARO:3003627"
"dfrB","WP_318245555.1","ARO:3007490"
"bla","WP_032456002.1","ARO:3002434"
"bla","WP_011497575.1","ARO:3006994"
"blaOXA","WP_231869607.1","ARO:3008759"
"aac(6')","WP_005288246.1","ARO:3002561"
"bla","WP_049637349.1","ARO:3002365"
"blaOXA","WP_188331876.1","ARO:3006108"
"bla","WP_394294917.1","ARO:3009028"
"blaOXA","WP_394294914.1","ARO:3008717"
"bla","WP_063860935.1","ARO:3006961"
"bla","WP_063859932.1","ARO:3001981"
"dfrB","WP_071846200.1","ARO:3005350"
"dfrB","WP_172688537.1","ARO:3007489"
"bla","WP_063865212.1","ARO:3003103"
"bla","WP_032495378.1","ARO:3001980"
"bla","WP_015060700.1","ARO:3004751"
"bla","WP_063864598.1","ARO:3006971"
"aac(6')","WP_071846310.1","ARO:3002570"
"bla","WP_105791036.1","ARO:3008996"
"vanR","WP_063856725.1","ARO:3002922"
"lsa","WP_002398829.1","ARO:3000300"
"fos","WP_071684814.1","ARO:3004113"
"bla","WP_063864552.1","ARO:3002401"
"qac","WP_032489340.1","ARO:3003836"
"bla","WP_002437128.1","ARO:3008200"
"bla","WP_085562390.1","ARO:3006913"
"blaOXA","WP_063862739.1","ARO:3001558"
"blaOXA","WP_060613455.1","ARO:3001776"
"blaCARB","WP_063859341.1","ARO:3002244"
"blaOXA","WP_171892704.1","ARO:3008695"
"blaOXA","WP_126622689.1","ARO:3008549"
"blaOXA","WP_126861771.1","ARO:3008450"
"erm","WP_063844771.1","ARO:3000498"
"bla","WP_197749417.1","ARO:3006917"
"blaOXA","WP_128268284.1","ARO:3006982"
"bla","WP_234164690.1","ARO:3009100"
"blaOXA","WP_011071128.1","ARO:3001812"
"blaOXA","WP_034033411.1","ARO:3008444"
"blaOXA","WP_375516072.1","ARO:3008701"
"fos","WP_014839980.1","ARO:3002872"
"blaOXA","WP_256875616.1","ARO:3008548"
"bla","WP_012145975.1","ARO:3006996"
"rmt","WP_015632396.1","ARO:3002666"
"aph(2'')-I","WP_052776520.1","ARO:3004191"
"aac(6')-Ie","WP_122630840.1","ARO:3002597"
"bla","WP_069213816.1","ARO:3005676"
"bla","WP_063842703.1","ARO:3002487"
"blaOXA","WP_268871879.1","ARO:3008593"
"bla","WP_179284392.1","ARO:3005078"
"tet","WP_004293868.1","ARO:3000191"
"vanX","WP_002317266.1","ARO:3002950"
"ant(4')","WP_063840509.1","ARO:3002625"
"qac","WP_011100750.1","ARO:3007014"
"fosB","WP_002437790.1","ARO:3007372"
"bla","WP_000733274.1","ARO:3008823"
"bla","WP_087587938.1","ARO:3004739"
"blaOXA","WP_054517040.1","ARO:3005712"
"aac(3)-II","WP_000557454.1","ARO:3004623"
"bla","WP_023281079.1","ARO:3008202"
"bla","WP_032966056.1","ARO:3000582"
"ampC","WP_063859632.1","ARO:3002115"
"blaPRC","WP_230924646.1","ARO:3007085"
"ampC","WP_099156056.1","ARO:3006249"
"fos","WP_079820715.1","ARO:3004113"
"bla","WP_063860566.1","ARO:3008205"
"oqxB","WP_040224644.1","ARO:3003923"
"bla","WP_063860567.1","ARO:3008206"
"fosA8","WP_063277905.1","ARO:3007371"
"blaIND","WP_052769157.1","ARO:3005493"
"tet","WP_041160408.1","ARO:3000186"
"ampC","WP_148044451.1","ARO:3006730"
"ampC","WP_006178946.1","ARO:3007921"
"bla","WP_181483194.1","ARO:3008786"
"arr","WP_047211550.1","ARO:3002841"
"aac(6')","WP_005208202.1","ARO:3002565"
"bla","WP_100505522.1","ARO:3006898"
"bla","WP_114999921.1","ARO:3005462"
"aph(3')","WP_000018321.1","ARO:3002641"
"bla","WP_063860565.1","ARO:3008204"
"bla","WP_063842699.1","ARO:3000582"
"bla","WP_038333643.1","ARO:3004463"
"bla","WP_078675023.1","ARO:3005698"
"qac","WP_001146389.1","ARO:3007014"
"ant(3'')","WP_071846261.1","ARO:3004692"
"bla","WP_063859920.1","ARO:3006871"
"bla","WP_015058868.1","ARO:3000999"
"ampC","WP_148044447.1","ARO:3006725"
"blaEBR","WP_150823468.1","ARO:3005461"
"fos","WP_063277905.1","ARO:3007371"
"bla","WP_346819020.1","ARO:3009090"
"ampC","WP_010673861.1","ARO:3002190"
"msr","WP_000052512.1","ARO:3003109"
"ampC","WP_279240766.1","ARO:3007899"
"bla","WP_260543444.1","ARO:3007437"
"bla","WP_063842692.1","ARO:3000582"
"bla","WP_063864902.1","ARO:3001391"
"aac(3)","WP_000131886.1","ARO:3002540"
"oqxB","WP_063865509.1","ARO:3003923"
"oqxB","WP_023323140.1","ARO:3003923"
"vanR","WP_011461302.1","ARO:3002931"
"bla","WP_063860829.1","ARO:3006945"
"bla","WP_034735890.1","ARO:3002257"
"aac(6')","WP_008940904.1","ARO:3002554"
"fosA","WP_063277905.1","ARO:3007371"
"tet","WP_197749400.1","ARO:3007492"
"ampC","WP_096807446.1","ARO:3005198"
"blaOXA","WP_268871880.1","ARO:3008594"
"bla","WP_063842689.1","ARO:3000582"
"blaSPI","WP_274375790.1","ARO:3008226"
"bla","WP_256875603.1","ARO:3008198"
"blaOXA","WP_003161096.1","ARO:3006093"
"cml","WP_063844973.1","ARO:3002705"
"bla","WP_072186106.1","ARO:3006984"
"catA","WP_063843217.1","ARO:3002683"
"aph(6)-I","WP_012480135.1","ARO:3002659"
"bla","WP_105803562.1","ARO:3009019"
"tet","WP_012477450.1","ARO:3003196"
"erm","WP_032492416.1","ARO:3000250"
"bla","WP_063860630.1","ARO:3002263"
"blaDIM","WP_063842915.1","ARO:3003556"
"bla","WP_003657002.1","ARO:3004761"
"ant(3'')","WP_071846340.1","ARO:3002601"
"qac","WP_043106116.1","ARO:3005098"
"tet","WP_064190967.1","ARO:3000183"
"ant(3'')","WP_063840456.1","ARO:3002607"
"blaOXA","WP_211816370.1","ARO:3005937"
"blaASDC","WP_004923134.1","ARO:3003854"
"blaOXA","WP_268871872.1","ARO:3008583"
"erm","WP_002292226.1","ARO:3000375"
